"","mean.beak.size.pc1","mean.Tarsus.Length","mean.Wing.Length","mean.Hand.Wing.Index","mean.Tail.Length","mean.Mass","mean.Habitat.Density","mean.Migration","mean.Brain.Mass..g.","mean.clutch.size","mean.Maximum.longevity","mean.GenLength","mean.Range.Size","mean.Annualtemp","mean.AnnualPrecipitation","mean.Abundance.estimate.1.1.matched","mode.Habitat","mode.Trophic.Level","mode.Primary.Lifestyle","mean.Latitude.span","mean.Centroid.Latitude","mean.Centroid.Longitude","mean.devmode"
"Struthionidae",4.50534985070588,6.17628298410052,6.361302477573,-2.30258509299405,5.73398831671327,11.6172854802945,1.09861228866811,0,3.73574135347038,2.34180580614733,3.91202300542815,2.67995448359668,15.9667283176924,24.25829985,6.00422840588087,14.2031741552065,"Shrubland","Herbivore","Terrestrial",3.97743614397638,0.936093359170335,19.29,2.301570989
"Casuariidae",4.40060302024682,5.9475126595788,4.82430571590476,-2.30258509299405,6.06378520868761,10.4368561630283,1.09861228866811,0,3.39851645786192,2.18605127673809,3.40119738166216,2.03225385877618,15.2580317553905,21.27612439,6.14370082649666,14.5708467830519,"Grassland","Herbivore","Terrestrial",3.33291854090886,3.33541364111615,136.6,2.332707179
"Apterygidae",5.05624580534831,4.43081679884331,-2.30258509299405,-2.30258509299405,-2.30258509299405,7.56216163122565,0,0,2.42480272571829,0.693147180559945,3.18841661738349,2.30593359649346,5.47813579312387,11.80588235,8.35759042108426,1.94591014905531,"Forest","Carnivore","Terrestrial",-1.60943791243412,3.76699723337789,170.19,1.6577090516958
"Rheidae",4.24563400976833,5.6808549700125,6.4377516497364,-2.30258509299405,4.06731588983418,10.0816337379196,1.09861228866811,0,2.95491027903374,2.85070650150373,3.38466085995155,2.22518826555686,13.8973861694582,9.135526977,5.5444157982507,13.7210141469603,"Grassland","Herbivore","Terrestrial",3.61979729292649,3.6235406128056,-68.64,2.332707179
"Tinamidae",3.25809653802148,3.54673968695281,5.08450514266271,3.29212628660779,3.92592591059714,6.12686918411419,0.693147180559945,0,0.897241101140891,1.84054963339749,2.68685119287982,1.42273345988961,11.683432673042,12.59914731,6.8317637118382,13.4942027578628,"Shrubland","Herbivore","Terrestrial",2.5922651681085,3.56755891887738,-72.13,2.322328449
"Anhimidae",3.85651029549789,4.81624115606803,6.24804287450843,3.56388296393925,5.32007885832955,8.38935981990635,1.09861228866811,0,2.19722457733622,1.3609765531356,3.2848974028581,2.11600647078162,15.1579900101563,21.02158602,7.09591857537429,14.4592699958403,"Wetland","Herbivore","Terrestrial",3.35270717250172,3.21526932927409,-59.41,1.438408071
"Anseranatidae",4.4496852831477,4.46590811865458,6.00536745227697,3.55248682920838,4.99788772127375,7.78047022813942,1.09861228866811,0.693147180559945,2.21011886532145,2.12823170584927,3.21084365317094,2.0973131374744,12.3165106389532,24.76873692,6.97288822934914,16.4777900118662,"Wetland","Herbivore","Terrestrial",3.34215484102837,3.02188723103084,137.43,1.428029341
"Anatidae",4.17592454921452,3.98713047791495,5.83364046191442,3.60004824040732,4.78415284151653,7.98528011531976,1.09861228866811,0,1.84754492853415,2.17475172148416,2.86679759241613,1.57209632634314,13.8152344998637,24.34459911,7.77565813039992,10.5432075847132,"Wetland","Omnivore","Aquatic",3.53631085546933,2.4923786646267,98.98,1.44027446535478
"Megapodiidae",3.63230910262554,4.38949864951258,5.66919102988658,3.06339092202781,5.38678601453564,7.75495313436901,0,0,1.77231837657035,2.63188884013665,3.2188758248682,1.86519315380338,13.3736363603819,21.16426538,6.94276392613474,13.4422981929938,"Forest","Herbivore","Terrestrial",3.2240623515555,3.12500460925813,148.09,2.332707179
"Cracidae",3.70622809244855,4.44851637594271,5.77455154554441,2.26176309847379,5.88137062431091,7.13073881749498,0,0,1.75072018912383,1.09861228866811,2.98075934665588,1.79559691829296,13.861072813275,26.01326344,7.67535755276374,12.3369561606191,"Forest","Herbivore","Insessorial",2.22678337957776,1.66013102674962,-54.53,1.438408071
"Numididae",3.26193531432865,4.20916023665068,5.53654655528029,3.01553490085017,4.93014804318357,7.1693500166706,0.693147180559945,0,1.44146413225336,2.12823170584927,2.39215183533814,0.98666554579864,16.3606322837555,23.21698568,6.86564110360151,16.9427208611853,"Woodland","Herbivore","Terrestrial",3.96934807204742,1.38629436111989,24.21,1.294834166
"Odontophoridae",2.63905732961526,3.45631668088323,4.75359019110636,3.18635263316264,4.37449836825309,5.21439213161028,1.09861228866811,0,0.405465108108164,2.56494935746154,2.19232610483009,0.766800120773764,14.1621298811871,16.45268268,6.05379835543262,15.2389761777704,"Shrubland","Herbivore","Terrestrial",2.905807566026,3.39785848039664,-103.66,2.332707179
"Phasianidae",3.4307561839037,4.22097721315547,5.38541207339897,3.11351530921037,5.26785815906333,6.62233730818342,0,0,1.19039461989566,1.7404661748405,3.40119738166216,1.66441936581418,15.4440171696117,23.50007515,7.52528181117806,15.677335589807,"Forest","Herbivore","Terrestrial",3.75067985501938,2.79055142261395,100.19,2.332707179
"Phoenicopteridae",4.83628190695148,5.64190707093811,6.01322603888949,3.8607297110406,4.9330340480727,8.01684581193787,1.09861228866811,0,2.41491327796747,0,3.56450925134975,2.56257377800572,12.3939385539618,24.89420584,7.15540105988698,17.2966800601934,"Coastal","Carnivore","Terrestrial",3.21687382219753,2.90690105984738,-75.16,0.324086148
"Podicipedidae",3.3603753871419,3.61361696961339,4.8331022540341,3.52636052461616,3.48431228837266,6.02078060144204,1.09861228866811,0.693147180559945,1.18593917143611,1.77495235091167,2.57718560522171,1.23206361337895,16.8771141584505,12.48155451,6.74133770315878,16.6501361396375,"Wetland","Carnivore","Aquatic",4.73558422471002,3.07315617051879,-86.81,1.438408071
"Mesitornithidae",3.06805293513362,3.67882911826043,4.74057482299429,2.01490302054226,4.64246597073179,4.99721227376411,0,0,0.728514324397237,0,2.60418616515986,1.65101462285265,10.5232048002525,20.55711148,7.4936761493717,11.1362955964244,"Forest","Omnivore","Terrestrial",2.41143949790613,2.89425310460414,48.72,1.055778426
"Pteroclidae",2.78501124223834,3.28091121578765,5.07016127341028,3.95508249488859,4.21950770517611,5.19683819759818,1.09861228866811,0,0.410235931610189,1.09861228866811,2.70953936707729,1.27787704236299,14.0131385463574,20.64998617,6.00369084810376,13.6210625723324,"Grassland","Herbivore","Terrestrial",2.45787797740008,3.0996417369445,21.75,2.332707179
"Columbidae",3.23867845216438,3.27714473299218,5.32495929749446,3.58351893845611,4.95229971708329,5.90345266978477,0.693147180559945,0,0.787999999881817,0.182321556793955,3.09104245335832,1.48027004360591,15.1226657980532,16.88921503,7.04697273228045,15.6460340655727,"Forest","Herbivore","Terrestrial",4.37575702166029,3.09738592728049,-99.99,-1.987371821
"Musophagidae",3.24649099190117,3.67630067190708,5.37249676472229,2.90690105984738,5.48479693349065,5.55295958492162,0.693147180559945,0,1.28093384546206,1.02961941718116,2.28066701567846,1.43166145206291,15.1526771099191,21.75697044,6.67017636536079,14.8737080608581,"Grassland","Herbivore","Insessorial",3.12588295801904,2.84549061022345,27.41,-0.837927757
"Otididae",3.62167070442049,4.43675153436313,5.56528639740228,3.62434093297637,4.96284463025991,6.56821835098808,1.09861228866811,0,2.08829907267439,0.405465108108164,2.98154262954235,2.02849764690303,14.5155635335374,20.89820385,6.23041816959222,12.7397990335823,"Shrubland","Omnivore","Terrestrial",2.83380140640777,3.03687421688517,23.24,-0.496328569376627
"Cuculidae",3.25809653802148,3.06339092202781,5.25749537202778,3.78191432008113,5.06322774421543,4.71312732749318,0.693147180559945,1.09861228866811,0.486442763197508,2.21920348405499,2.55877649835446,1.01395155692772,17.4355259570262,5.787344095,6.52812149342459,17.137756719397,"Forest","Carnivore","Insessorial",3.98452969621489,3.90075981314944,81.5,-2.241130816
"Opisthocomidae",3.48431228837266,3.93769075217672,5.77455154554441,2.69462718077007,5.67229180756483,6.54534966033442,0.693147180559945,0,1.39377630146765,1.09861228866811,2.59297049340991,1.82972516151816,15.8383657083445,25.77668794,7.7059312732429,15.1007365677848,"Riverine","Herbivore","Insessorial",3.35759374418002,1.2947271675944,-61.99,-0.921311393
"Heliornithidae",3.47815842279828,3.07269331469012,4.95229971708329,3.58905911883173,4.4042772436087,4.88280192258637,0.693147180559945,0,0.336472236621213,1.09861228866811,2.54027457976981,1.51329583742089,15.9916263986147,25.29642058,7.67332156418301,13.6899892842224,"Wetland","Carnivore","Aquatic",3.92966644060074,1.4747630091075,-63.44,1.428029341
"Rallidae",3.09104245335832,3.41444260841218,4.38202663467388,3.19867311755068,3.66356164612965,4.34898678059568,0,0,0.274384044307791,0.832909122935104,2.26773041627345,1.33364432730381,3.71625140090979,22.425,7.26743997477032,14.8789308623618,"Forest","Carnivore","Terrestrial",-2.40794560865187,3.1929424428417,-128.32,0.367037553906567
"Psophiidae",3.68135118769314,4.85903690994514,5.62869966853185,2.01490302054226,4.77744140692854,6.93342302573071,0,0,1.80180880508106,1.09861228866811,2.95481556048558,1.86875522889729,14.7684192456787,25.90950767,7.82312453642911,13.4931086681142,"Forest","Herbivore","Terrestrial",2.72719901994097,0.405465108108164,-63.54,1.438408071
"Aramidae",4.87060664949255,4.43793426661218,5.48562646485303,2.40694510831829,5.41964965171556,6.98471632011827,1.09861228866811,0,1.92546251378621,1.7404661748405,2.6610408326744,1.3482412089819,16.3154741443382,23.92035414,7.37810745185449,15.663357942327,"Wetland","Carnivore","Terrestrial",4.25646341169854,2.35042242240821,-58.48,1.438408071
"Gruidae",5.00260312239899,5.66573440701867,6.40654989859314,3.75419892023458,5.34137685600848,8.67008593751938,1.09861228866811,1.09861228866811,2.84203082614007,0.693147180559945,3.44354126328453,2.58954871242025,8.71972415550527,8.81808488,6.63139918401499,13.0085315255303,"Wetland","Carnivore","Terrestrial",3.50104271663187,3.97724879034585,-107.66,1.417650611
"Burhinidae",3.90801498403061,4.70229689671881,5.48811093818069,3.77505715035499,4.78331637137157,6.6682282484174,1.09861228866811,0,1.57438259197485,0.693147180559945,3.09573773235479,2.13631482613815,13.5765190129723,26.18970848,7.38691361944184,13.6241248455479,"Grassland","Carnivore","Terrestrial",2.99723114967773,2.20717490818939,-70.7,1.428029341
"Chionidae",3.51154543883102,3.8155121050473,5.4249500174814,3.58073729549423,4.6615505194242,6.20253551718792,1.09861228866811,0.693147180559945,1.27553038413504,0.78845736036427,3.17805383034795,2.16556221106553,9.0142147763258,3.470689655,6.80289463836596,14.8833311096391,"Marine","Omnivore","Terrestrial",1.97685495290473,3.89751831922526,67.76,1.438408071
"Charadriidae",2.79116510781272,3.27714473299218,4.66532410880784,4.00733318523247,3.78872478908365,3.74478708605223,1.09861228866811,0.693147180559945,-0.0637727536123779,1.09861228866811,2.94443897916644,1.40068159893158,16.542388237203,13.35815192,6.25149956849375,17.613354500617,"Coastal","Carnivore","Terrestrial",4.60636946656357,3.65996544394929,58.17,2.332707179
"Recurvirostridae",4.16976120150686,4.7518645651389,5.4187635196239,3.95508249488859,4.36437169943516,5.17501915020354,1.09861228866811,0.693147180559945,0.641853886172395,1.30833281965018,2.77258872223978,1.72261339368453,17.8562411975034,15.52358067,6.56553893827728,16.1565648000273,"Wetland","Carnivore","Terrestrial",4.67020858216731,2.80457176809283,38.95,2.332707179
"Haematopodidae",4.3732381286408,3.83729945923221,5.44328313679822,3.77276093809464,4.72206393745959,5.68357976733868,1.09861228866811,0.693147180559945,1.56815646050445,1.38629436111989,2.64424959927964,1.46660906849046,15.4222358686186,3.619561331,6.19261513363127,13.5842630077765,"Riverine","Carnivore","Terrestrial",2.96062309644042,3.57009591812397,92.44,2.322328449
"Scolopacidae",3.62700405039585,3.75887182593397,5.09803548437709,3.93182563272433,4.0943445622221,4.88052660874924,1.09861228866811,1.09861228866811,0.480052965098737,1.33500106673234,2.91708844045736,1.64771569193437,15.9628755354886,10.07163791,6.54743223782121,16.2930267152155,"Wetland","Carnivore","Terrestrial",3.31636544614546,4.15997623565093,75.55,1.25512381452157
"Pedionomidae",2.78501124223834,3.19458313229916,4.48863636973214,3.42100000895834,3.28840188751681,4.13516655674236,1.09861228866811,0,-0.225997620297116,1.30833281965018,2.41139011552092,1.10655033848538,10.3929466287199,20.258125,5.72872634901102,4.87519732320115,"Grassland","Omnivore","Terrestrial",2.58173083442354,3.3813347525659,142.77,2.332707179
"Thinocoridae",2.79728133483015,3.16547504814109,4.9330340480727,3.87535902105655,4.18357569595004,4.74493212836325,1.09861228866811,0,0.182321556793955,1.38629436111989,2.59733578851117,1.15001481004018,14.2671235870341,8.098689983,6.32205257999385,14.1881879765805,"Grassland","Herbivore","Terrestrial",3.90620612010658,3.38777436133001,-70.04,2.332707179
"Jacanidae",3.52636052461616,3.98713047791495,4.85981240436167,2.99573227355399,3.7635229971097,4.66532410880784,1.09861228866811,0,0.327640494200383,1.30833281965018,2.22479549101216,1.19236754323282,16.4460774635793,24.17696801,7.47208528835086,16.3813181624111,"Wetland","Omnivore","Terrestrial",3.91860132078827,2.32532457996354,-58,2.311949719
"Rostratulidae",3.75419892023458,3.51154543883102,4.63375764284,3.44680789291421,3.83729945923221,4.33859707674655,0,0.693147180559945,0.386024015450461,0.693147180559945,2.57560226323332,1.54325093274835,14.7452892292366,17.39832735,6.6836166760182,12.7855050662659,"Wetland","Omnivore","Terrestrial",3.11218108619724,3.47784973318324,-61.65,1.70156447324866
"Turnicidae",2.51769647261099,2.87919845729804,4.31481788498043,3.55820113047182,3.42751468997953,3.79098467705109,1.09861228866811,0,-0.365110422759834,1.28093384546206,2.3699879461382,0.937474749317359,15.7584328549748,21.39143436,5.99218861990399,13.7328189283261,"Grassland","Herbivore","Terrestrial",3.27525615830431,3.26270130440823,133.96,1.438408071
"Dromadidae",4.13836144763888,4.50424426739813,5.33993904123886,3.98341300151482,4.20020495292158,5.78382518232974,1.09861228866811,0,1.3609765531356,0,2.87204011876621,1.97426610611585,12.6729014904773,25.60820059,6.56600504104482,15.8814688579041,"Coastal","Carnivore","Terrestrial",2.96681826338935,3.12632184325759,49.42,-0.578863373
"Glareolidae",2.78501124223834,3.96840333886425,4.9958600085141,3.77734810210154,4.16200321069592,4.47163879336357,1.09861228866811,0,0.224780610601146,0,2.49743115964714,1.55040962396184,14.913808700627,20.4097115,5.88557209360741,13.5878417832535,"Desert","Carnivore","Terrestrial",3.87099265587015,2.81180943539306,27.43,1.428029341
"Stercorariidae",3.58629286533884,3.72569342723665,5.73818390137353,4.09767235231478,5.14749447681345,6.09650000994186,1.09861228866811,1.09861228866811,1.39377630146765,0.641853886172395,3.43720781918519,2.4169234603648,15.6524969155075,-10.09896174,5.97616106919822,17.3477764351416,"Marine","Carnivore","Aerial",4.49065679919933,4.22405616874376,-11.33,1.186440334
"Alcidae",4.03953632572711,3.58073729549423,5.27964410128242,4.0517849478033,3.90801498403061,6.89962229575195,1.09861228866811,1.09861228866811,1.7281094421516,0,3.63758615972639,2.69274963414687,14.2520117455345,3.231127731,7.01950199399086,17.636639283136,"Marine","Carnivore","Aquatic",3.7764323511218,4.07397177241416,-17.82,-0.049548137
"Laridae",3.79548918917219,3.5234150143864,5.70711026474888,4.0842942263686,4.75359019110636,6.03068526026126,1.09861228866811,0.693147180559945,1.49630504795295,0.693147180559945,3.3499040872746,2.28048168835239,14.6514882202871,-5.200828148,6.41510231513107,20.5195008414051,"Marine","Carnivore","Aerial",3.65687265797885,4.08698420781581,-52.28,-0.578863373
"Caprimulgidae",2.14006616349627,2.45958884180371,5.10473261747537,4.00914971615887,4.61115225766564,3.87949981372259,0.693147180559945,0.693147180559945,0.0498616984429027,0.587786664902119,2.12409062625966,1.21234357268328,16.1733577705795,23.53888575,7.28071901263986,15.5184646783607,"Shrubland","Carnivore","Aerial",4.181592022453,1.16627093714192,-69.01,1.144925414
"Steatornithidae",3.5918177412708,2.94968833505258,5.7310733348921,3.65325227647079,5.29931686688112,6.01126717440416,0,0,1.26604578852371,1.02961941718116,2.65463140944489,1.6126174985883,13.8711513174158,21.27027906,7.71299828340192,14.3337827868169,"Forest","Herbivore","Insessorial",3.3724549127965,-0.139262067333508,-70.07,-0.578863373
"Nyctibiidae",2.96010509591084,2.01490302054226,5.09129319711371,3.74478708605223,4.86445278391817,3.94545778151438,0,0,0.718463988543735,0,2.23992711676297,1.22885860566879,15.3105543207257,25.71543083,7.78061132581399,11.700425258193,"Forest","Carnivore","Insessorial",3.14888245304767,0.832909122935104,-66.6,-0.578863373
"Podargidae",3.75185425327532,3.34638914516716,5.43284825950564,3.31418600467253,5.14749447681345,5.73009978297357,0,0,1.61640558174969,0.693147180559945,2.88480071284671,1.80579803465566,15.8534315356602,21.46311413,6.15606849324707,13.4897499464966,"Forest","Carnivore","Insessorial",3.51512112798047,3.24765762629365,134.48,-1.615120906
"Aegothelidae",2.74727091425549,2.96527306606928,4.81055701571304,3.47815842279828,4.74057482299429,4.0943445622221,0,0,0.386024015450461,1.25276296849537,2.27677731904732,1.27866781578836,12.1965938634804,25.63962001,7.90728384645245,11.13524574287,"Forest","Carnivore","Insessorial",2.1701959049483,1.73165554515835,144.01,-3.250002417
"Apodidae",1.7404661748405,1.82454929205105,4.85826081367025,4.02891675689965,4.31748811353631,3.02529107579554,0,0,-0.418647616825002,0,2.06858237742393,0.934578283787745,14.2090551582947,26.01128743,7.92221041638931,14.072718474366,"Forest","Carnivore","Insessorial",3.20274644293832,1.02961941718116,110.36,-3.250002417
"Trochilidae",3.02529107579554,1.52605630349505,3.89182029811063,4.18357569595004,3.40119738166216,1.43508452528932,0.693147180559945,0.693147180559945,-1.49775831380196,0.693147180559945,2.15126399603532,0.732214299706733,13.1082963592095,11.7224509,6.59819152699005,16.8416172719103,"Woodland","Herbivore","Aerial",3.03639425527288,3.62726997248225,-118.56,-1.841493969
"Phaethontidae",4.00186370942794,3.02529107579554,5.59619726397626,4.254193263164,4.68398136641238,5.79301360838414,1.09861228866811,1.09861228866811,1.38413202495521,0,2.95365474117584,2.10027047474208,11.3870037877352,25.57851574,7.57957456791144,16.2312635197636,"Marine","Carnivore","Aerial",4.09501100676526,2.19722457733622,57.91,-0.837927757
"Eurypygidae",4.13836144763888,3.89182029811063,5.37759054744254,2.77258872223978,4.95793750509581,5.34710753071747,0.693147180559945,0,0.943625704014182,0.693147180559945,2.70805020110221,1.62610903423004,15.9465013647059,25.66826116,7.71831311654081,14.2005014933401,"Wetland","Carnivore","Terrestrial",3.58712354515955,1.35066718347674,-62.85,-0.578863373
"Rhynochetidae",4.2076732475291,4.60517018598809,5.57708482161024,2.63905732961526,5.21221466749463,6.75693238924755,0,0,1.93747467023421,0,3.2188758248682,2.02878714854614,7.20173001105694,20.50194805,7.50712681603445,10.727948042592,"Forest","Carnivore","Terrestrial",0.285178942233661,3.07176695982999,165.9,1.38651442
"Gaviidae",4.14472076954717,4.19116874685764,5.61822458629455,3.86283276123737,3.81990771652034,7.3038432252777,1.09861228866811,1.09861228866811,1.74736164459648,0.587786664902119,3.16054024771389,2.10237196362145,16.6283876749853,-8.312043612,6.07273133390627,16.9772040345885,"Wetland","Carnivore","Aquatic",3.68009094808086,4.18601175074792,30.64,1.38651442
"Spheniscidae",4.54542018158232,3.85439389259151,5.1896179496247,1.30833281965018,4.76643833358421,10.4213672378055,1.09861228866811,0.693147180559945,3.86813046827981,0,3.59207494648272,2.79737220082366,11.3294451971298,19.7960827,6.71436595328881,13.2197477681813,"Marine","Carnivore","Aquatic",2.57566101305646,4.26324309868391,50.53,-0.068079517
"Diomedeidae",4.75013595623828,4.27944004589878,6.14804085415008,4.0342406381524,5.22035582507832,7.66331371966348,1.09861228866811,1.09861228866811,3.0328478879254,0,3.61091791264422,2.9169176288357,17.7971097384048,10.02857085,7.03020912362916,14.6458049611493,"Marine","Carnivore","Aquatic",4.13748386969752,2.70604819843154,-19.54375,-0.578863373
"Oceanitidae",2.79116510781272,3.55248682920838,4.99179220629478,4.07073469658297,4.18965474202643,3.41444260841218,1.09861228866811,1.09861228866811,-0.307123165109485,0,3.04452243772342,2.35858211195375,10.2586746401654,20.16668423,7.36131732182537,17.3269014773951,"Marine","Carnivore","Aerial",3.22724074119983,3.99194262860402,-20.88,-0.682489127
"Hydrobatidae",2.58776403522771,3.08190996979504,4.86599480426999,4.0842942263686,4.07414185490458,3.11794990627824,1.09861228866811,1.09861228866811,-0.475458479928699,0,2.78983409050021,1.94446166593854,16.2789834564463,20.98785796,5.36253367077932,18.376693777438,"Marine","Carnivore","Aerial",4.04147107261503,0.582215619852664,-91.59,-0.914310109616971
"Procellariidae",3.3357695763397,3.17387845893747,4.80155899999348,3.8649313978943,3.66356164612965,5.02453819926525,1.09861228866811,0.693147180559945,0.560095672772273,0,3.09104245335832,1.96030816578681,16.8949420736066,8.464189571,7.18880922435051,15.0197196343758,"Marine","Carnivore","Aquatic",3.67705987730859,3.8323302365189,65.55,-0.578863373
"Ciconiidae",5.51544284553668,5.55373447841254,6.35697533970911,3.7635229971097,5.53930083599058,8.29279885820037,1.09861228866811,0.693147180559945,3.02042488614436,1.02961941718116,3.37070891567382,2.26363605849278,15.4333119250074,22.00959813,7.19416100374864,14.9965540841115,"Grassland","Carnivore","Terrestrial",3.90821576708519,2.89092715918786,-59.64,-0.578863373
"Threskiornithidae",5.13108144717212,4.35670882668959,5.97279128184236,3.58905911883173,4.97948856509942,7.54960916515453,0.693147180559945,0,2.34476296789291,1.09861228866811,3.00318903219691,1.99996453842371,7.02064636855809,13.63333333,6.71260897843399,5.73979291217923,"Wetland","Carnivore","Terrestrial",-1.20397280432595,3.50495661595301,107.6,-0.787932819
"Ardeidae",4.45898767581001,4.36054760299676,5.57821925168086,3.33932197794407,4.76217393479776,6.46645571786476,0.693147180559945,0,1.80169659867395,1.02961941718116,2.73453183877392,1.7478137514813,16.2749607063898,25.02319741,7.57820052052066,14.5974251976986,"Wetland","Carnivore","Terrestrial",3.93924899168174,1.5993875765806,-62.08,-0.578863373
"Balaenicipitidae",5.31172705345795,5.49634821704717,6.46489978165541,3.60277675506052,5.64297033525944,8.68963274835574,1.09861228866811,0,3.14353484672107,0.53062825106217,3.57934356704563,2.39612179201968,14.0639156448795,23.70275314,6.9387892547559,11.9240412445872,"Wetland","Carnivore","Terrestrial",3.13244609686981,-0.0408219945202552,31.36,-1.158800364
"Pelecanidae",6.02586597382531,4.74666974826179,6.53233429222235,3.76815263500844,5.28776185260852,9.16031995135152,1.09861228866811,0.693147180559945,3.18862838877278,0.693147180559945,3.82529252789166,2.58294233324273,15.0172897961823,9.259669157,6.03947690839097,15.35428756566,"Wetland","Carnivore","Aquatic",3.31017798327499,3.89182029811063,72.79,-1.428647347
"Scopidae",4.43675153436313,4.18357569595004,5.6808549700125,3.58629286533884,5.03760174232607,6.15697898558556,1.09861228866811,0.693147180559945,1.48228612677362,1.45861502269952,2.6586990069849,1.50133366306798,16.805291831893,23.66847368,6.86229648495711,15.8182206121585,"Wetland","Carnivore","Terrestrial",4.02051860158145,1.05779029414785,23.04,-0.578863373
"Fregatidae",4.80320103648723,3.36384159511839,6.46458830368996,4.15888308335967,6.08632007812066,7.30686691311813,1.09861228866811,1.09861228866811,2.21920348405499,0,3.28786916579504,2.53228419286839,12.1624806200976,24.52059621,7.24525436107418,17.0806372113307,"Marine","Carnivore","Aerial",4.00715135051972,2.64119789411437,-60.1,-1.695616117
"Sulidae",4.56434819146784,3.98898404656427,6.02150866845636,4.13356527537538,5.14283246370764,7.45708982417623,1.09861228866811,0.693147180559945,2.41500026563967,0.53062825106217,3.22882615572137,2.40629417578695,18.6845563112109,26.07464411,7.4907882267425,19.2028476929164,"Marine","Carnivore","Aerial",4.22171115814254,0.570979546585738,-9.46,-1.323365202
"Anhingidae",4.4496852831477,3.66356164612965,5.82776845443719,2.97552956623647,5.58799744166249,7.11882624906208,1.09861228866811,0,1.52605630349505,1.33500106673234,2.80336038090653,1.83281323960621,16.5182869764224,24.26264601,7.48049881966252,15.5745048985089,"Wetland","Carnivore","Aquatic",4.22872975692054,1.62531126159039,-62.24,-1.397511157
"Phalacrocoracidae",4.51305489708029,4.25561270981822,5.2406882537114,3.13549421592915,5.03695260241363,8.01188564833415,1.09861228866811,0,2.64396526596784,0.916290731874155,2.919891464983,1.99912550203994,4.51316454019207,24.125,6.57542445486147,11.6009821287905,"Marine","Carnivore","Aquatic",-0.0304592074847085,-0.967584026261706,-91.5,-2.11011913
"Tytonidae",3.46885603013597,4.08933202039856,5.65459223046543,3.70376806660769,4.78331637137157,5.99968070187932,1.09861228866811,0,1.90870660005777,1.7227665977411,3.52636052461616,1.76058778978241,17.9608733589246,20.3812458,6.93874194774468,12.0359365436,"Human Modified","Carnivore","Insessorial",4.73435464436892,1.17557332980424,2.28,-1.615120906
"Strigidae",3.60821155104648,4.04305126783455,5.76832099579377,3.49650756146648,5.24912712235727,6.37400215057244,0,0,1.95319420578435,0.741937344729377,3.2188758248682,1.89496395697718,14.003703676685,12.09276756,6.54162472677769,13.4419525428006,"Forest","Carnivore","Insessorial",3.47010136030937,3.56868726878553,-112.74,-1.555726739
"Cathartidae",3.94158180766969,3.98898404656427,6.23146521548861,3.29212628660779,5.4971682252932,7.32528070158267,1.09861228866811,0.693147180559945,2.33595023416066,0.693147180559945,2.94552179166071,1.91768611270017,17.1522207145954,17.6024279,7.10009702145008,18.0751789614054,"Human Modified","Scavenger","Terrestrial",4.70075305588182,1.91102289005487,-77.26,-0.578863373
"Sagittariidae",4.0842942263686,5.59805152002396,6.42243494562451,3.70376806660769,6.31318566178319,8.29829063435928,1.09861228866811,0.693147180559945,2.7434173449395,0.693147180559945,3.04809673706,2.246430512627,16.4562518203971,23.29900576,6.61947335051937,13.2993071665589,"Grassland","Carnivore","Terrestrial",3.96461545554732,1.38128181929635,23.61,-0.578863373
"Pandionidae",3.85014760171006,3.90801498403061,6.14932263172356,3.80443779474821,5.30479633264575,7.30195719481159,1.09861228866811,1.09861228866811,2.27394690685542,1.02961941718116,3.46573590279973,2.29272435381242,17.2590772168072,12.19410208,6.75342376167143,14.7927706992676,"Marine","Carnivore","Aerial",4.68665800283436,3.89548703678805,25.45,-0.578863373
"Accipitridae",4.03953632572711,4.61907309115708,6.40208302045694,3.60277675506052,5.72717342744678,8.35420356292178,1.09861228866811,0.693147180559945,2.87969496323205,0.693147180559945,3.702763727206,2.78841713743872,17.4905511446518,1.069638968,6.19302889988946,15.0726220578771,"Grassland","Carnivore","Aerial",4.17068812880943,3.92533401948782,38.05,-0.578863373
"Coliidae",2.65324196460721,3.03013370027132,4.54965747605783,3.46573590279973,5.34901048086356,3.96461545554732,0.693147180559945,0,0.103025792311106,1.1314021114911,2.40487178659758,0.929735356111596,15.0574813570741,20.07951428,6.37555065174165,14.8394772428012,"Shrubland","Herbivore","Insessorial",3.39249294103201,3.09602999486936,24.72,-1.738591793
"Leptosomidae",3.8458832029236,3.38777436133001,5.51504035005932,3.30688670219091,5.2559316500516,5.54126354515843,0,0,0.952760442773623,1.50407739677627,2.52885673472806,1.42151859658024,13.2927425739046,22.87796057,7.23121582379145,13.2224729308589,"Forest","Carnivore","Insessorial",2.65675690671466,2.96320908184843,46.69,-2.997647279
"Trogonidae",3.21084365317094,2.63905732961526,5.03370056702725,3.55534806148941,5.01130173863942,4.7361984483945,0,0,0.655943631562401,0.8754687373539,2.5626405573094,1.39172224024521,15.7258780676239,25.81568184,7.74645788852184,14.6075777586443,"Forest","Herbivore","Insessorial",3.36349551447814,1.13462272619114,-63.47,-2.997647279
"Bucerotidae",5.54712866461082,4.98086313576259,6.32076829425058,3.02529107579554,5.8224540043737,8.29404964010203,1.09861228866811,0,3.20294967431794,0.587786664902119,4.24849524204936,2.95970885524171,15.3156179915211,25.67049689,6.93488030062165,12.7998524268909,"Grassland","Carnivore","Terrestrial",2.80214752448133,2.2523438765573,13.93,-2.524622143
"Phoeniculidae",3.73289633953071,2.88480071284671,4.68582808900555,3.00071981506503,4.98770778945255,3.29953372788566,0.693147180559945,0,0.0841573080067234,1.02961941718116,2.16171019402239,1.07874993804853,15.6712487541744,21.22672108,6.60882177294734,14.212835961712,"Grassland","Carnivore","Insessorial",3.58490686373096,2.74148497718845,28.09,-1.831933191
"Upupidae",4.02177386938726,3.04927304048202,4.95793750509581,3.06339092202781,4.57367951889672,4.20319896713418,1.09861228866811,1.09861228866811,0.171837301053259,1.56861591791385,2.40694510831829,0.907074550239489,17.6743800008311,13.60603137,6.52045784957567,17.054773741101,"Grassland","Carnivore","Terrestrial",4.55261293524942,3.36626081178126,61.74,-1.831933191
"Meropidae",3.65842024662923,2.61739583283408,4.9781121023907,3.69137633431252,5.09681299033731,3.74714836223791,0.693147180559945,0.693147180559945,-0.105360515657826,1.22377543162212,2.00547611523138,1.21776509272623,15.7201604914945,26.25141976,6.72901076708805,16.4740064430074,"Grassland","Carnivore","Insessorial",2.8953592994072,2.37211115564266,18.63,-2.939125157
"Brachypteraciidae",3.73289633953071,3.51749783735832,4.92435092549924,2.98568193770049,4.84733174313806,5.22035582507832,0,0,0.844990252659592,0.405465108108164,2.62011642210334,1.687349477235,10.5731209379273,20.62306889,7.48793245726063,11.0044803389033,"Forest","Carnivore","Insessorial",2.47737838336721,2.88368276974537,48.72,-2.472809267
"Coraciidae",3.23080439573347,2.87919845729804,5.00125813228366,3.74714836223791,4.50645421304893,4.56746831880408,0.693147180559945,0,0.740622194584133,0.916290731874155,2.38010610787116,1.39751718547503,14.8550692946226,24.75547494,7.49574463889579,13.0053283119485,"Forest","Carnivore","Aerial",2.97450863710236,0.636576829071551,13.69,-2.472809267
"Todidae",2.98568193770049,2.52572864430826,3.74478708605223,2.53369681395743,3.39785848039664,1.77495235091167,0,0,-0.880923588036864,0.916290731874155,2.53237318676202,1.11120360462559,9.07959594928348,24.22293578,7.50803619464343,9.24859908409327,"Forest","Carnivore","Insessorial",-0.527632742082372,2.90306858869057,-66.48,-2.57643502
"Momotidae",3.89792408104864,3.48431228837266,5.01529110563245,2.77881927199042,5.52465580875877,5.10594547390058,0,0,0.860419395277175,0.916290731874155,2.54295459324951,1.49487645631331,14.9893201295574,25.52728626,7.75227681523136,13.8073745502311,"Forest","Carnivore","Insessorial",3.50945370043201,1.8196988379173,-68.88,-2.524622143
"Alcedinidae",3.7796338173824,2.54944517092557,4.59915211366253,3.04452243772342,4.25985900069967,4.29592393562047,0.693147180559945,0,0.406930700269774,1.06471073699243,1.91507911560359,1.00656974601774,16.5069251013041,24.42029298,7.02404991507679,15.7450693201929,"Woodland","Carnivore","Insessorial",3.78145863540703,-1.96611285637283,19.75,-2.161932007
"Bucconidae",3.54095932403731,2.85647020622048,4.4624538837865,2.99071973173045,4.04305126783455,3.98898404656427,0,0,0.301570184611948,0.931558203823125,2.35298067160534,1.18639326227561,15.5120276024259,25.94352255,7.78299371773602,13.3536242935868,"Forest","Carnivore","Insessorial",3.09738592728049,0.887891257352457,-63.5,-2.73187365
"Galbulidae",4.04830062372069,2.53369681395743,4.51305489708029,3.26575941076705,5.0536947835567,3.31054301339402,0,0,-0.346936799669096,0.916290731874155,2.12392737238774,0.9877845769445,15.5945049795379,25.7982909,7.75456547705283,14.4554884750802,"Forest","Carnivore","Insessorial",3.15912582046243,1.33762918913861,-61.91,-2.73187365
"Picidae",2.85647020622048,2.76000994003292,4.51415078760092,3.29583686600433,4.07073469658297,3.24259235148552,0.693147180559945,0,0.225987503445941,1.52605630349505,2.45530618001171,0.929997011401955,16.3649732146745,4.153300864,6.56527461294661,17.1640074802078,"Woodland","Carnivore","Insessorial",3.7789486512028,3.87598123408088,-104.67,-2.317370637
"Indicatoridae",2.59525470695687,2.82137888640921,4.58087749341905,2.97552956623647,4.12066187053947,3.8458832029236,0,0,-0.365110422759834,0.693147180559945,2.38813866331637,1.12600229643765,15.2198790656728,25.13569658,7.41918863763986,12.7673556143754,"Forest","Carnivore","Insessorial",2.98467132619457,1.40118297361364,11.37,-3.301815293
"Ramphastidae",2.94443897916644,3.02529107579554,4.36944785246702,2.78501124223834,3.78418963391826,3.47196645255036,0.693147180559945,0,0.0151644365197718,0.832909122935104,2.34228799276129,1.19850497666447,14.9544226344264,19.29613133,6.11069491132335,14.0955076766575,"Shrubland","Herbivore","Insessorial",3.21807550469743,3.18511219471539,22.72,-3.5090668
"Cariamidae",4.08092154188996,4.969813299576,5.70478197498928,2.37024374146786,5.72260422889679,7.16857989726403,0.693147180559945,0,2.01490302054226,0.693147180559945,3.08839458357047,2.11832288234894,13.509581429288,21.74975214,6.57475929706009,12.4661188407345,"Woodland","Carnivore","Terrestrial",2.83085763036376,3.23396146228624,-62.38,-0.018411946
"Falconidae",3.50254987592244,4.07584109065754,5.60727157427536,2.9391619220656,5.3890717298165,6.43550913718362,0.693147180559945,0,1.91483219348445,0,2.9088607384224,1.96092756127654,16.4055874495592,24.94654011,7.52836196786409,14.5754950217325,"Forest","Carnivore","Insessorial",4.06371351866858,1.71199450075919,-60.9,-0.682489127
"Strigopidae",4.07753744390572,3.80888224650863,5.73172184334544,3.54095932403731,5.12693574979242,6.76041469108343,0.693147180559945,0,2.70259535041925,0.916290731874155,3.01683182761422,2.06385057715025,11.0552258301807,8.011317025,7.89543195777276,9.64322607566034,"Grassland","Herbivore","Insessorial",1.70110510095992,3.76976795784727,170.31,-1.780120314
"Cacatuidae",3.43720781918519,3.13549421592915,5.54595838946263,3.80443779474821,4.91852000518845,5.79301360838414,1.09861228866811,0,2.47840044275051,0.879845112041035,3.79494111069001,2.6349916480643,14.2413345954667,20.82817079,7.26230092948374,15.076300793002,"Woodland","Herbivore","Terrestrial",2.65193326144558,2.94681710182144,135.2280952,-1.99913287449771
"Psittacidae",3.71600812150219,3.32143241319329,5.57025108203168,3.44680789291421,5.03174425730649,6.4707995037826,0,0,1.87110953215552,0.693147180559945,3.56861873866745,2.6833307378347,3.7635229971097,23.56140351,7.81937547164871,1.09861228866811,"Forest","Herbivore","Insessorial",-2.40794560865187,2.58399755243223,-61.2,-2.566874242
"Psittaculidae",2.54160199346455,2.51769647261099,4.55807857845424,3.92986292355648,4.53474772169155,3.36729582998647,1.09861228866811,0.693147180559945,0.440832251945456,1.58923520511658,3.04452243772342,1.34863776160287,15.5870345829444,21.36166895,6.06405495230353,17.8992506746135,"Woodland","Herbivore","Generalist",3.1776370768516,3.2519236789144,132.9,-2.317370637
"Acanthisittidae",2.4932054526027,2.89037175789616,3.8286413964891,2.63188884013665,3.15700042115011,1.93152141160321,0,0,-0.994252273343867,1.3609765531356,1.88151676801298,0.636914413353406,11.9349450550405,9.167177243,7.57643957472477,13.8271910743512,"Forest","Carnivore","Insessorial",2.47653840011748,3.74360435380318,172.19,-2.73187365
"Philepittidae",3.25809653802148,2.68784749378469,3.8416005411316,2.9704144655697,3.11794990627824,1.87180217690159,0,0,0.370459479375548,0.693147180559945,2.09013594007677,0.790486486658004,10.9174422373704,20.4710989,7.45665556616799,12.4366008629551,"Forest","Herbivore","Insessorial",2.45958884180371,2.86391369893314,48.74,-2.11011913
"Eurylaimidae",2.74727091425549,2.86220088092947,4.4236483093647,2.9704144655697,4.0842942263686,3.52636052461616,0,0,0.0861776962410524,1.30833281965018,2.13060232596956,0.936197567858068,14.2165915900395,24.03758832,7.64335286460192,13.276009358464,"Forest","Carnivore","Insessorial",3.52636052461616,2.92154737536461,100.38,-2.11011913
"Sapayoidae",2.82137888640921,2.67414864942653,4.38452351487247,2.94443897916644,4.11903717481247,3.03495298670727,0,0,-0.438504962186365,1.00858309783683,2.14987669144992,0.933975028463827,11.5458531492576,25.54160329,8.3269028830107,9.25177018173932,"Forest","Omnivore","Insessorial",2.24177295359729,1.71918877639322,-77.39,-2.11011913
"Pittidae",3.19458313229916,3.64283551561253,4.63666885304746,2.88480071284671,3.55248682920838,4.16666522380173,0,1.09861228866811,0.305394281050351,1.16315080980568,2.11815668618944,1.12053318750881,15.1141469894881,24.69335267,7.81034745013395,14.6023730107758,"Forest","Carnivore","Terrestrial",3.76120011569356,2.1150499691472,111.74,-2.11011913
"Calyptomenidae",2.78501124223834,2.77881927199042,4.24992279404054,2.82731362192903,3.93573953204546,3.14415227867226,0.693147180559945,0,-0.213094215461208,0.8754687373539,2.12834235329904,1.07361945932553,15.1377766677368,22.84485773,7.07152853723059,14.1208223103359,"Forest","Carnivore","Insessorial",3.7445506514844,2.0906287310704,27.06,-2.006493377
"Thamnophilidae",3.18221184049661,3.2188758248682,4.3732381286408,2.37024374146786,4.18052225846315,3.44680789291421,0,0,0.17512908621245,0.698877855331787,2.15611831672174,1.03325298349057,14.296961454026,26.03351903,7.66717936132009,13.759967192173,"Forest","Carnivore","Insessorial",2.7948393311746,1.84687876844913,-54.76,-2.006493377
"Grallariidae",3.3499040872746,3.92789635458444,4.78080275463125,2.12823170584927,3.88977739648083,4.77912349311153,0,0,0.753206936987608,0.693147180559945,2.11671201360317,1.34161723653194,14.993473638064,24.29344344,7.61282893504943,13.3089441840353,"Forest","Carnivore","Terrestrial",3.59539261102047,2.1770218700187,-54.4,-2.524622143
"Rhinocryptidae",2.55722731136763,2.97552956623647,3.94352167248752,2.7408400239252,3.60821155104648,2.87919845729804,1.09861228866811,0,0.17512908621245,0.693147180559945,2.17215407085017,1.10394429290144,10.8800915165735,15.96583424,6.06974423835019,9.62297968383235,"Forest","Carnivore","Terrestrial",2.01089499914473,3.26155209914864,-65.71,-2.524622143
"Formicariidae",3.28840188751681,3.59731226058845,4.52178857704904,2.54160199346455,4.01457959375324,4.30945594183905,0,0,0.300104592450338,0.693147180559945,2.3126393392399,1.32172043322217,12.2372415586143,18.8889962,7.59675150523936,11.5494502396526,"Forest","Carnivore","Terrestrial",3.18800416120111,1.3244189574018,-76.3,-2.524622143
"Scleruridae",3.07269331469012,3.03974915897077,4.35670882668959,2.62466859216316,3.91202300542815,3.22286784613774,0,0,-0.200355189683779,0.693147180559945,1.88088229876814,1.01871715143885,15.6658581296514,25.34631791,7.73266652573987,13.1887427032209,"Forest","Carnivore","Terrestrial",3.81065451103986,1.25561603747777,-62.39,-2.524622143
"Furnariidae",2.92316158071916,3.24259235148552,4.42124734782716,2.85647020622048,4.06044301054642,3.3322045101752,0,0,-0.00415361432499196,0.693147180559945,2.20131528607773,1.22266685237514,14.4942323308346,24.23464539,7.06467028111889,14.4814144883216,"Forest","Carnivore","Terrestrial",3.11706455872152,2.37117788445966,-44.01,-2.524622143
"Dendrocolaptidae",4.01277290852829,2.96527306606928,4.54542018158232,2.91235066461494,4.45898767581001,3.51154543883102,0,0,0.168342826340299,0.916290731874155,1.98276862418264,1.09932163868655,15.1558688281701,25.90946637,7.80230671174932,12.7338763230023,"Forest","Carnivore","Insessorial",3.02674632708316,1.03673688495002,-61.35,-2.524622143
"Pipridae",2.3887627892351,2.65324196460721,4.03953632572711,2.88480071284671,3.28091121578765,2.11625551480255,0,0,-0.458929177977489,0.693147180559945,2.08513682969415,0.788432785971413,14.9852680020714,25.46369425,7.87320284874508,14.0265426608921,"Forest","Herbivore","Insessorial",3.3017453026905,1.26412672714568,-69.63,-1.686055339
"Cotingidae",4.04655389838575,3.85439389259151,5.55914198482994,2.73436750941958,5.07642303463426,5.94017125272043,0,0,1.02588547038468,0,2.82723871202276,1.92896842536042,15.5213763290033,25.58477648,7.7518699498215,13.543569279952,"Forest","Omnivore","Insessorial",3.22565280914722,1.65249740189455,-65.01,-1.900016091
"Tityridae",2.96010509591084,3.03974915897077,4.49088103958596,3.01062088604774,4.17592454921452,3.60004824040732,0,0.693147180559945,0.197485993313727,1.58923520511658,2.25446275192112,1.09337334734879,15.7464498610448,25.67515203,7.72273120117127,13.8356033392401,"Forest","Omnivore","Insessorial",3.29138251565495,1.54756250871601,-62.06,-2.152371229
"Onychorhynchidae",3.1904763503465,2.76631910922619,4.36944785246702,2.9338568698359,4.15575319035074,2.63905732961526,0,0.693147180559945,-0.719655440440741,0.693147180559945,2.03902358687871,1.02891753055922,14.7648700124749,22.44381119,7.59856337551677,13.5948800961936,"Forest","Carnivore","Insessorial",3.45883716110857,1.76215899945176,-66.285,-1.900016091
"Oxyruncidae",2.88480071284671,3.03013370027132,4.52396013056255,3.26956893918372,4.16355963124357,3.73766961828337,0,0,-0.204532741663682,0.693147180559945,2.42286749596147,1.23319143861984,14.4425424816586,23.08230237,7.51106079670583,13.4084231346141,"Forest","Herbivore","Insessorial",3.639163861868,2.31944221006047,-53.72,-1.900016091
"Pipritidae",2.45958884180371,2.82137888640921,4.19268046294296,3.23080439573347,3.91800507710569,2.77258872223978,0,0,-0.0202027073175195,0.801316240676086,2.0248049817768,0.97649619347875,15.7718263231821,25.12271639,7.71736307540895,14.353242342614,"Forest","Carnivore","Insessorial",3.66535490906698,1.57484646766448,-62.48,-1.900016091
"Platyrinchidae",2.32238772029023,2.61739583283408,3.91999117507732,3.03013370027132,3.54961738678043,2.04122032885964,0,0,-0.774313852978606,0.693147180559945,1.8833896493136,0.806986450674909,15.0895323422982,25.87733151,7.80409621563544,12.8224170724259,"Forest","Carnivore","Insessorial",3.07592881554827,1.27815220250019,-64.4,-1.900016091
"Tachurididae",2.77258872223978,2.91235066461494,3.92197333628131,2.89591193827178,3.71357206670431,2.05412373369555,1.09861228866811,0,-0.879476758751439,1.25276296849537,1.96428582232211,0.666518417238831,14.6364137670432,14.7818772,6.69383042943589,14.8589730025004,"Wetland","Carnivore","Insessorial",3.81242364020539,3.53427033588652,-65.57,-1.900016091
"Pipromorphidae",2.61739583283408,2.77258872223978,4.10594369806545,2.81540871942271,3.90801498403061,2.60268968544438,0,0,-0.703823975224061,1.09861228866811,2.01033112627594,0.908880432902991,14.8873718069338,25.51397333,7.70244696142194,13.3160385703868,"Forest","Carnivore","Insessorial",3.24493335918749,0.53062825106217,-58.63,-1.900016091
"Tyrannidae",3.00071981506503,2.88480071284671,4.65965837127216,3.46573590279973,5.37063802812766,3.4626060097908,1.09861228866811,1.09861228866811,-0.279343601002409,0.916290731874155,2.14540039164146,1.04225920704933,15.9157244098321,23.59468773,7.47810537270172,16.9390298819553,"Grassland","Carnivore","Insessorial",4.13083719858113,2.79055142261395,-58.8,-1.900016091
"Atrichornithidae",2.98568193770049,3.24649099190117,4.30811095172371,1.79175946922805,4.64727136200673,3.74242022104197,0.693147180559945,0,0.565995394899462,0,2.27059911553745,1.46188104738324,9.75905466827698,16.55018061,7.09603362217704,2.39789527279837,"Shrubland","Carnivore","Terrestrial",1.42551507427317,3.39819287264186,152.23,-1.841493969
"Menuridae",3.74242022104197,4.69592454925656,5.6379987341102,0.693147180559945,6.36767247414903,6.87997289796969,0,0,2.40747829947995,0,3.25809653802148,2.53940837427966,12.6908315963671,14.75851188,6.86010746155115,11.8902654093525,"Forest","Carnivore","Terrestrial",2.42480272571829,3.48584485572244,150.3,-1.841493969
"Climacteridae",2.98061863574394,3.14415227867226,4.46935046284556,3.31418600467253,4.12066187053947,3.48431228837266,0.693147180559945,0,0.0649259460788357,0.78845736036427,2.47476637554673,1.54060237671209,13.0221168076507,17.26406017,5.93081542630395,13.6932593046749,"Woodland","Carnivore","Insessorial",1.85159946958407,3.46385914278687,122.85,-1.883746068
"Ptilonorhynchidae",3.51452606696916,3.91999117507732,5.10533922956555,2.92316158071916,4.7122292582815,5.38861500452882,0,0,1.58717594343476,0.641853886172395,3.25809653802148,2.52142203054529,13.1677608978226,16.02335187,6.88558004383664,13.8471652206076,"Forest","Omnivore","Insessorial",3.17805383034795,3.42816382989197,149.45,-1.883746068
"Maluridae",2.57261223020711,3.12236492448736,3.91202300542815,2.40694510831829,4.3267781604434,2.26176309847379,0,0,-0.52675177431625,0.916290731874155,2.83321334405622,1.84112913497782,11.1748459774129,15.7341769,6.63856221375831,13.3455821258912,"Forest","Carnivore","Terrestrial",1.42069578783722,3.5142284036242,116.63,-1.876274606
"Dasyornithidae",3.07269331469012,3.51154543883102,4.50865928560725,1.70474809223843,4.79496375762075,4.21803603456465,0.693147180559945,0,0.666638920679149,0.693147180559945,2.11420663788942,1.31290024038284,10.1946594036209,13.89059501,6.62514541390988,7.97177612288063,"Shrubland","Omnivore","Generalist",1.26694760348732,3.62886402170395,141.5,-2.006493377
"Meliphagidae",2.82731362192903,2.85647020622048,4.46590811865458,3.54095932403731,3.94931879017184,3.06805293513362,0.693147180559945,1.09861228866811,-0.321307800101441,0.741937344729377,2.38177688119982,1.02839739224131,12.8320887739129,18.42879509,6.36373447572502,12.6646929802205,"Woodland","Herbivore","Insessorial",2.71403227277976,3.50915452316725,147.08,-2.006493377
"Acanthizidae",2.72785282839839,3.10009228887823,4.18813844150846,2.56494935746154,4.01457959375324,2.66025953726586,1.09861228866811,0,-0.162518929497775,1.09861228866811,2.03891448621287,0.926228402053118,10.9501610753869,14.89630915,6.82018406655025,8.37539918579835,"Rock","Carnivore","Generalist",1.33762918913861,3.50224862573188,150.46,-1.841493969
"Pardalotidae",2.07944154167984,2.85647020622048,4.0342406381524,3.21084365317094,3.3178157727231,2.16332302566054,0.693147180559945,0,-0.880923588036864,1.41098697371026,1.87188642642942,0.684553815636925,14.5906119688429,17.03607222,6.41519097471926,15.017247264085,"Forest","Omnivore","Insessorial",3.3467411958661,3.45694739676665,140.79,-2.006493377
"Orthonychidae",3.10458667846607,3.73766961828337,4.80647704269313,2.41591377830105,4.63763737612559,5.00996840510855,0,0,1.10007788082972,0,2.80394136604138,1.7599797435074,10.0620622889206,22.40651042,7.54463519280669,8.32941678393932,"Forest","Carnivore","Terrestrial",1.51292701205326,2.87186828633161,145.71,-2.42099639
"Pomatostomidae",3.32143241319329,3.33932197794407,4.45318382899021,2.45958884180371,4.49088103958596,4.05698877567833,0.693147180559945,0.693147180559945,0.889782471993359,1.38629436111989,2.20927190630099,1.23367580053996,13.8876956847781,19.23056935,5.74183106075226,13.8059096160677,"Shrubland","Carnivore","Generalist",2.51769647261099,3.42491390827947,142.89,-2.42099639
"Cinclosomatidae",3.1267605359604,3.46885603013597,4.37826958579617,1.79175946922805,4.49758497530815,3.89589362349826,0,0,0.46373401623214,0.693147180559945,2.05559916957631,1.20581174254212,12.3687473778901,19.15476556,8.05526926274273,11.2945704303878,"Forest","Carnivore","Terrestrial",2.27521389619791,1.63899671467564,141.56,-2.568692182
"Campephagidae",3.3178157727231,3.18635263316264,4.86676492367655,3.04927304048202,4.61313835563727,4.13995507347415,0,0,0.65965880627335,0.68687756754635,2.31117644937441,1.26215719482179,11.3428923747456,25.18059042,7.88575740493353,10.9240662250651,"Forest","Carnivore","Insessorial",1.8099267731835,2.76064265122138,121.51,-2.26368546632811
"Rhipiduridae",2.59525470695687,2.87356463957978,4.18661983833127,2.77258872223978,4.2017030805426,2.29253475714054,0,0,-0.954511944694353,0.741937344729377,2.12229752863429,0.883022347292084,9.42989830262894,24.53816115,8.13741476408793,14.0903907185075,"Forest","Carnivore","Insessorial",1.15373158788919,1.63315443905142,151.31,-2.26555776
"Dicruridae",3.71600812150219,3.3603753871419,5.1834675248691,3.21084365317094,5.72749900127352,4.86753445045558,0,0,0.680723660729638,1.09861228866811,2.05269606814282,1.27641862467753,8.85646293992103,24.55510836,7.92403422683975,14.97895658169,"Forest","Carnivore","Insessorial",0.828551817566148,1.33762918913861,152.33,-2.317370637
"Monarchidae",3.02042488614436,3.08648663682246,4.3732381286408,2.65324196460721,4.17592454921452,3.00568260440716,0,0,-0.240618889449904,0.693147180559945,2.1003170728656,1.09793243862243,10.6626048071976,25.76815455,8.12102613137206,10.2422428951719,"Forest","Carnivore","Insessorial",1.6094379124341,1.62924053973028,150.88,-2.513920317
"Corcoracidae",3.22286784613774,3.66356164612965,4.98770778945255,2.79116510781272,5.03370056702725,4.88280192258637,0.693147180559945,0,1.1272904443546,1.22377543162212,2.38217165849671,1.22295412709092,14.7321666470873,21.01347118,6.36887734590574,15.4638304723493,"Shrubland","Omnivore","Terrestrial",3.14673514709052,3.25153660710775,144.51,-2.513920317
"Ifritidae",2.79116510781272,3.28840188751681,4.37952350445576,2.50143595173921,3.9926809084456,3.46885603013597,0,0,0.258510695151501,0,2.26227762431183,1.34582084623814,11.4288096735417,15.98454062,8.04762492210761,11.6044192808036,"Forest","Carnivore","Insessorial",1.91250108692418,1.76985463384001,143.26,-2.317370637
"Paradisaeidae",3.64021428213266,3.75887182593397,5.23909800688807,2.68784749378469,4.85748411460208,5.35941246590785,0,0,1.18734465290928,0.693147180559945,2.70805020110221,1.66089345902805,12.2081939439848,24.34780743,8.0372273375058,12.5912976306549,"Forest","Omnivore","Insessorial",1.74396880539171,2.04122032885964,144.93,-2.513920317
"Laniidae",3.04927304048202,3.32143241319329,4.5685062016165,3.11794990627824,4.57161340245925,3.94352167248752,1.09861228866811,1.09861228866811,0.460634879241635,1.62924053973028,2.52572864430826,0.994023509959519,15.9962109475769,11.84777242,6.5268547540982,16.5734382683698,"Shrubland","Carnivore","Insessorial",3.67427330172457,3.63837532194017,-101.11,-2.317370637
"Corvidae",3.40119738166216,3.63230910262554,4.75960653929251,2.86220088092947,4.9452074887738,4.34510328056928,0.693147180559945,0,1.08268613811785,1.28093384546206,2.76000994003292,1.64394552211286,8.84407963073385,22.02089249,7.16304242345469,8.93971205409023,"Shrubland","Omnivore","Insessorial",1.1314021114911,3.33683662250177,-81.41,-2.195784863
"Mohouidae",2.64617479738412,3.4307561839037,4.38825718442452,2.96010509591084,4.30135873160643,3.32143241319329,0,0,0.146856215274821,1.09861228866811,2.77258872223978,1.52406875179603,11.2514026363962,8.743342719,7.68984872617486,10.2491672699083,"Forest","Omnivore","Insessorial",1.9154509415706,3.77689033143665,170.49,-2.568692182
"Machaerirhynchidae",2.72129542785223,2.82731362192903,4.0926765051214,2.98061863574394,4.0342406381524,2.484906649788,0,0,-0.527632742082372,0.693147180559945,2.22017420318947,1.02482940874311,12.3182947366448,18.77796546,8.05765461961831,12.4509542049842,"Forest","Carnivore","Insessorial",2.29051251175978,1.66203036255327,141.86,-2.568692182
"Artamidae",4.00186370942794,4.02891675689965,5.54751845218154,3.70622809244855,4.92143971529178,5.65213824150386,0.693147180559945,0,1.57223436343656,1.38629436111989,3.16968558067743,1.77628442906421,15.7216356672354,20.46614211,6.23776269159854,16.2399493236518,"Woodland","Carnivore","Terrestrial",3.55649026606819,3.27525615830431,135.38,-2.568692182
"Rhagologidae",2.84490938381941,2.99573227355399,4.47506150064107,3.10009228887823,4.16666522380173,3.28840188751681,0,0,0.0745878569905726,0,2.28540064848214,1.09843685861449,11.9234158584874,17.99141087,8.04580077521217,11.755636321777,"Forest","Herbivore","Insessorial",2.28033948404673,1.61740608208328,141.21,-2.568692182
"Malaconotidae",3.15700042115011,3.22286784613774,4.50534985070588,2.70136121295141,4.32148013480585,3.4626060097908,0.693147180559945,0,0.412089783079802,0.693147180559945,2.22034721257419,1.21540092726076,15.5398143610995,25.1255828,7.11098366285976,14.5332698600704,"Woodland","Carnivore","Insessorial",3.20437113866532,2.06305806242931,14.47,-2.568692182
"Platysteiridae",2.78501124223834,2.77258872223978,4.0943445622221,2.31253542384721,3.26575941076705,2.59897910604785,0,0,-0.272517635932009,0.693147180559945,2.29958159600934,1.44991136106846,15.2266399508007,24.48223255,7.44203044255576,13.4662308334306,"Forest","Carnivore","Insessorial",3.03543364040554,-1.66073120682165,16.7,-2.59251192505539
"Vangidae",3.10906095886099,3.23080439573347,4.25134831103177,2.23001440015921,3.95508249488859,3.19867311755068,0,0,-0.00198864304047451,1.09861228866811,2.15305201365444,1.05827992530062,11.982452418124,21.37192716,7.56126191631249,11.9715774069214,"Forest","Carnivore","Terrestrial",2.50634193050807,2.93066027681028,48.42,-2.568692182
"Neosittidae",2.68102152871429,2.77881927199042,4.37197629882038,3.40784192438082,3.62167070442049,2.45958884180371,0.693147180559945,0,-0.458929177977489,1.02961941718116,1.94591014905531,0.878159464099689,15.3714532482832,20.68857299,6.3012920092673,11.7099139348076,"Forest","Carnivore","Insessorial",3.3579418729912,3.27108869631514,136.34,-2.317370637
"Eulacestomatidae",2.72129542785223,2.94443897916644,4.23988686751276,2.58021682959233,3.94739014926544,2.99573227355399,0,0,-0.0943106794712413,0.842747298588699,2.06871798140809,1.01646324951288,11.393316137658,15.94015098,8.05903850045807,11.5285428758653,"Forest","Carnivore","Insessorial",1.86252854011626,1.68082790852077,141.64,-2.568692182
"Oreoicidae",3.01062088604774,3.40784192438082,4.44029554279786,2.68784749378469,4.25134831103177,3.70130197411249,0,0,0.478095799143072,0.693147180559945,2.25152467485714,1.28821901295893,11.922944720522,17.37328729,8.03888902220763,12.9878463563505,"Forest","Carnivore","Insessorial",2.26384426467762,1.63315443905142,141.61,-2.568692182
"Falcunculidae",2.98061863574394,3.03974915897077,4.49758497530815,3.04927304048202,4.35799005684564,3.32862668882732,0,0,0.250478523454237,0.955511445027436,2.62412079722337,1.07911353963625,13.7985518484975,15.91551002,6.54870611624374,14.1267519762241,"Woodland","Carnivore","Insessorial",3.10995341764401,3.49225611260912,146.56,-2.568692182
"Pachycephalidae",2.84490938381941,2.98568193770049,4.40182926197006,2.72785282839839,4.12713438504509,3.10458667846607,0,0,0.327539121321693,0.8754687373539,2.16484485330011,1.29180503272485,12.1718036125484,25.27033633,7.89353091370263,12.2586935582424,"Forest","Carnivore","Insessorial",2.62756295018952,2.43886271128659,123.47,-2.317370637
"Oriolidae",3.3499040872746,3.11351530921037,5.02124547320827,3.65065824129374,4.41763506214125,4.36944785246702,0,1.09861228866811,0.405465108108164,1.25276296849537,2.69462718077007,1.16923964516748,16.2282392720077,16.13120848,6.43595399011412,16.6496545864464,"Woodland","Omnivore","Insessorial",3.68987895444702,3.91521789632467,43.01,-1.676494561
"Paramythiidae",2.45958884180371,2.91235066461494,4.24849524204936,2.97552956623647,3.84801767545223,2.98061863574394,0,0,-0.350295336974693,0,2.22655627515073,1.01895332613277,11.0403627239896,18.22187569,8.0579705739721,12.4778044358664,"Forest","Herbivore","Insessorial",2.24918431626693,1.56024766824333,140.66,-1.676494561
"Vireonidae",2.46809953147162,2.99071973173045,4.08260930600368,2.84490938381941,3.72328088083127,2.58776403522771,0,0,0.0849953461644503,1.50407739677627,1.97405576209177,0.718401665026844,13.6423965453347,18.36715677,7.45946187728903,12.5617696114042,"Forest","Carnivore","Insessorial",3.29286950477653,3.16209381076922,97.68,-2.524622143
"Cnemophilidae",3.19458313229916,3.64805745959368,4.60316818331742,1.54756250871601,4.33729074083249,4.43081679884331,0,0,0.800834985976863,0,2.59174744504118,1.49932291054241,11.8378744922704,17.25705069,8.06463869778433,11.6665903125144,"Forest","Herbivore","Insessorial",1.95160817016995,1.68268837417369,141.82,-2.152371229
"Melanocharitidae",2.51769647261099,3.08648663682246,4.15888308335967,2.71469474382088,4.27944004589878,2.68784749378469,0,0,-0.62548853208613,0.154150680112973,2.17130470028147,0.95794327726353,11.9080938095577,17.37033109,8.05303618387989,12.2295059289129,"Forest","Omnivore","Insessorial",2.26799364822443,1.61740608208328,141.37,-2.152371229
"Callaeidae",3.48124008933569,4.19720194766181,5.06259503302697,2.42480272571829,5.10291057020543,5.41787660160568,0,0,0.0879133262508514,0.916290731874155,3.2188758248682,1.51185817651456,8.39082692499936,12.58776035,7.47935408350561,8.7157161275482,"Forest","Herbivore","Insessorial",1.7561322915849,3.639163861868,175.61,-1.96703708289798
"Notiomystidae",3.00071981506503,3.3178157727231,4.64727136200673,3.22684399451738,4.35670882668959,4.5368913452348,0,0,-0.0737833091440964,1.38629436111989,2.58167175400964,1.18432014580588,4.61343593040512,13.7,7.42204157411136,2.484906649788,"Forest","Omnivore","Insessorial",1.63899671467564,3.66842161221154,175,-2.152371229
"Petroicidae",2.80336038090653,3.56953269648137,4.52070102936164,2.61006979274201,4.61214579972452,3.49650756146648,0.693147180559945,0,-0.0159261505502593,0,2.33318540801262,1.31687555152347,13.7287119110733,17.19414985,5.89466496491938,12.3710106467132,"Shrubland","Carnivore","Generalist",2.4706386779903,3.48461898980123,130.32,-2.42099639
"Eupetidae",3.18635263316264,3.53805656437935,4.46935046284556,2.46809953147162,4.51852237926242,4.00733318523247,1.09861228866811,0,1.28785428830664,0.693147180559945,2.41873844054096,1.34507717211433,13.3445894519654,25.38744268,7.70994109546465,11.0952030419664,"Rock","Carnivore","Terrestrial",2.29690230982502,1.1589754384998,37.72333333,-2.359622735
"Remizidae",2.15176220325946,2.59525470695687,3.90801498403061,2.70136121295141,3.54961738678043,1.88706964903238,1.09861228866811,0,-0.785613408232539,1.54756250871601,1.84651982485678,0.546026070891624,14.350361357976,18.96433966,5.94199661205375,12.9980782488828,"Shrubland","Omnivore","Insessorial",3.11927645964545,3.23867845216438,21.4,-1.945119722
"Paridae",3.21486780347066,3.34638914516716,4.48413185761104,2.72129542785223,4.14788532915013,3.8155121050473,1.09861228866811,0.693147180559945,-0.187315884914023,1.6094379124341,2.22299878906914,0.958508757057991,14.6555584090034,-2.306059439,5.73205022734696,15.4718694601778,"Rock","Carnivore","Terrestrial",2.50715725872282,3.51571583510475,91.83,-1.945119722
"Alaudidae",2.45958884180371,2.91235066461494,4.46129981556839,3.34638914516716,4.14946386144318,3.18221184049661,1.09861228866811,0.693147180559945,-0.068578671565298,1.25276296849537,1.6094379124341,0.720399727866005,16.2502745020608,9.520300413,5.62806015506765,14.4569469885932,"Grassland","Omnivore","Terrestrial",3.45315712059287,3.72882106120688,79.77,-1.83531841715252
"Panuridae",2.21920348405499,2.9704144655697,4.0943445622221,3.09557760852371,4.41158543691543,2.62466859216316,1.09861228866811,0.693147180559945,-0.558616287602339,1.77495235091167,1.97365137526312,0.761981311248243,16.2741672800092,5.007144696,5.67993085044428,15.6119074244913,"Wetland","Omnivore","Insessorial",3.47908392031923,3.80621794653117,78.52,-1.036376151
"Nicatoridae",3.06805293513362,3.35340671782581,4.60517018598809,2.54944517092557,4.58700621536042,3.8308129500026,0,0,0.282227221768817,0.262364264467491,2.31367178091918,1.37325113107383,15.1941733198688,24.70543517,7.43340891951437,14.3246092915133,"Forest","Carnivore","Insessorial",3.18635263316264,-0.0304592074847086,14.5,-1.036376151
"Macrosphenidae",2.45100509811232,2.79116510781272,3.83729945923221,2.07944154167984,2.77881927199042,2.12823170584927,0.693147180559945,0,-0.118687051414132,0.693147180559945,1.93072302848746,1.01578302824348,15.1341511987482,24.74336133,7.42712474833078,14.1317698831343,"Forest","Carnivore","Insessorial",3.3243163373262,-0.261364764134408,14.91,-2.095909368
"Cisticolidae",2.4932054526027,2.87356463957978,3.88977739648083,2.60268968544438,3.69635146895264,1.91692261218206,1.09861228866811,1.09861228866811,-0.709073331110205,1.33500106673234,1.95453980976332,0.771203992878746,16.7562145047841,21.5712888,7.01859464976506,16.9347334147591,"Grassland","Carnivore","Generalist",4.45353301132513,2.37304355664261,63.11,-2.628247897
"Acrocephalidae",2.86220088092947,3.02529107579554,4.3554259528767,3.42751468997953,4.00003388275086,2.58021682959233,0,1.09861228866811,-0.719655440440741,1.52605630349505,2.3823200610129,0.874330206556946,15.6609562085077,17.92602404,6.50975813567966,15.5737926958673,"Woodland","Carnivore","Insessorial",3.48553853009591,4.00021701616406,35.37,-2.213744884
"Locustellidae",2.78501124223834,3.19458313229916,4.24132675257075,3.38777436133001,4.06388535473739,2.91777073208428,1.09861228866811,1.09861228866811,-0.197695126860622,1.70474809223843,2.03487481614306,0.665749883217647,13.6377648041974,3.264724891,6.92677034132848,14.5376756177943,"Shrubland","Carnivore","Generalist",2.96836107675786,4.01620282433781,146.31,-1.996932599
"Bernieridae",2.82137888640921,3.07269331469012,4.17438726989564,2.05412373369555,4.2017030805426,3.14845336057165,0,0,-0.179629870122859,0.693147180559945,2.0985804714491,1.03028187485047,12.0595355586083,21.27287658,7.54113601604153,12.6700927843474,"Forest","Carnivore","Terrestrial",2.54788144894939,2.92208573338569,48.44,-1.996932599
"Donacobiidae",3.26193531432865,3.45631668088323,4.39568296112137,2.26176309847379,4.59005654817804,3.60549784517489,1.09861228866811,0,0.17512908621245,0.8754687373539,2.21868422948306,1.1915256231808,15.9696692547796,24.93561497,7.56117807960998,15.3038864397088,"Wetland","Carnivore","Insessorial",3.71819550844799,1.71918877639322,-60.43,-1.996932599
"Hirundinidae",2.51769647261099,2.45958884180371,4.7518645651389,3.96271611974366,4.254193263164,2.88480071284671,1.09861228866811,1.09861228866811,-0.562469856918329,1.50407739677627,2.77258872223978,1.14171972557421,17.7609887272786,10.86059321,6.75745247328273,20.7966296788753,"Human Modified","Carnivore","Aerial",4.68822374112338,3.86199207182258,34.57,-2.152371229
"Phylloscopidae",2.54944517092557,2.96010509591084,4.18813844150846,3.25424296870549,3.95699637107088,2.16332302566054,0,1.09861228866811,-1.04982212449868,1.80828877117927,2.46385324059017,0.927444678289434,16.5779998528678,10.10180113,6.23649313560492,17.6569616458682,"Forest","Carnivore","Insessorial",3.43881424523346,4.1031391099036,74.92,-2.048745476
"Scotocercidae",2.56494935746154,3.00071981506503,4.11903717481247,2.59525470695687,3.75887182593397,2.57261223020711,0,0,-0.385345712906057,0,2.07308954904672,1.11638456567452,15.2373126032383,24.61243517,7.44497744000473,15.2045793168809,"Forest","Carnivore","Insessorial",3.25269737334371,0.60431596685333,13.35,-1.996932599
"Aegithalidae",2.02814824729229,2.76631910922619,4.14472076954717,3.09104245335832,4.47506150064107,2.15176220325946,0.693147180559945,0,-0.798507696217772,2.29253475714054,2.37954613413017,0.872549806834813,16.7195277470574,1.810336575,6.37756784067775,16.7541394279299,"Forest","Carnivore","Insessorial",3.63968920992316,3.96043214463583,72.38,-2.524622143
"Pycnonotidae",2.86220088092947,3.02042488614436,4.4636066216663,2.65324196460721,4.47847253294213,3.38439026334577,0.693147180559945,0,-0.0372035489975441,1.09861228866811,2.46602315186298,0.96192499074232,15.4612890534174,23.55825409,7.35475347144624,17.1433549695664,"Shrubland","Herbivore","Insessorial",3.34533224882076,3.00716665117965,93.52,-2.317370637
"Sylviidae",2.21920348405499,2.9704144655697,3.91999117507732,2.63188884013665,4.0842942263686,2.3887627892351,0.693147180559945,0,-0.25618340539241,1.25276296849537,2.08590990228166,0.739647596207305,15.2850218880708,11.5915246,6.87728571154686,16.3058885459793,"Shrubland","Herbivore","Insessorial",3.21607189753547,3.51601305609074,114.57,-2.02811412536922
"Zosteropidae",2.54160199346455,2.79728133483015,4.07753744390572,3.23080439573347,3.74242022104197,2.54160199346455,0.693147180559945,0,-0.719655440440741,1.06471073699243,2.92639687751935,1.26036379318732,14.8091730466193,16.92374571,6.66658359620983,16.7712041759413,"Shrubland","Omnivore","Insessorial",3.71039629757619,3.45093947355697,144.58,-1.841493969
"Pellorneidae",2.76000994003292,3.23867845216438,4.28634138453947,1.80828877117927,4.06044301054642,3.42751468997953,0,0,0.209320450960729,0.693147180559945,2.16550650874609,1.20888955765991,13.7925292592407,24.67754273,7.58705293661523,11.8055503018112,"Forest","Carnivore","Terrestrial",2.71403227277976,1.17248213723457,5.77,-1.841493969
"Leiothrichidae",2.61739583283408,3.16547504814109,4.22244456484942,2.54944517092557,4.08092154188996,3.06339092202781,0,0,-0.0480144651017598,1.25276296849537,2.70805020110221,1.47998172008976,14.8751334635202,15.58630917,7.17952922017874,15.5737265148612,"Shrubland","Carnivore","Insessorial",2.88256357544835,3.35863776724336,107.8,-1.841493969
"Bombycillidae",2.7408400239252,3.03013370027132,4.75531284441781,3.63230910262554,4.18661983833127,3.9963641538619,0,1.09861228866811,0.183787148955565,1.6094379124341,2.60268968544438,1.03397365869759,16.3643418686412,-0.0939114,6.23230904599083,16.6658425384767,"Forest","Herbivore","Insessorial",3.13375357145137,4.11512710140463,25.88,-2.213744884
"Ptiliogonatidae",2.59525470695687,3.03974915897077,4.52828914165213,2.82731362192903,4.52936847257181,3.09557760852371,0.693147180559945,0,-0.200355189683779,0.916290731874155,2.320249222588,0.855262259195938,14.0389394045779,18.10988489,6.02660646360474,14.1766747103115,"Shrubland","Omnivore","Insessorial",3.02577639490237,3.39350117502768,-109.77,-1.737868216
"Regulidae",2.19722457733622,2.78501124223834,4.04655389838575,3.16124671203156,3.75653810258775,1.82454929205105,0,1.09861228866811,-0.98628410369469,2.11625551480255,1.86911609677006,0.57596156316373,15.6636644043231,6.455236603,6.63861205310832,19.5303322984215,"Forest","Carnivore","Insessorial",3.86660714189766,3.90821576708519,-105.16,-2.255996982
"Sittidae",3.03495298670727,2.99071973173045,4.44617445449763,3.16124671203156,3.85227300102237,3.01553490085017,0,0,0.055119299536537,2.02814824729229,2.55877649835446,0.991156495003184,16.8870915018846,0.883415896,6.40253064219604,16.6061317755642,"Forest","Carnivore","Insessorial",3.82537519870247,3.96347628701706,82.46,-2.411435612
"Polioptilidae",2.42480272571829,2.76631910922619,3.92789635458444,2.94968833505258,3.89385903480047,1.75785791755237,0.693147180559945,1.09861228866811,-1.16860566048864,1.38629436111989,1.85095694185726,0.608401417672805,15.699941300872,15.2918146,6.77691209160829,20.1117330243547,"Woodland","Carnivore","Insessorial",3.47072344431077,3.52075661671979,-96.34,-2.317370637
"Troglodytidae",2.82731362192903,3.06339092202781,4.0842942263686,2.43361335540045,3.92592591059714,2.94443897916644,0.693147180559945,0,-0.127151785660484,1.50407739677627,2.22462355152433,0.778922211797371,14.98418585776,16.02117298,7.01729980534687,17.6243055057623,"Woodland","Carnivore","Insessorial",3.4968105458651,3.53892827735043,-87.99,-1.945119722
"Certhiidae",2.92852352386054,2.70136121295141,4.12874598893943,2.87356463957978,4.04480411666196,2.10413415427021,0,0,-0.906241396021154,1.77495235091167,1.78065055897256,0.531389614092944,14.9785214611085,10.72302182,6.58123273624359,14.8103921132687,"Forest","Carnivore","Insessorial",3.25076201373052,3.80064441744476,10.55,-2.048745476
"Timaliidae",2.57261223020711,2.82137888640921,3.81990771652034,2.23001440015921,3.40784192438082,1.6094379124341,0,0,0.121544840078344,1.25276296849537,1.8425749868568,0.599275981426149,13.4049340036442,17.81806019,7.46640604200219,11.4272695325867,"Grassland","Carnivore","Insessorial",2.48740352998659,3.21326008608257,99.87,-2.16622531064172
"Buphagidae",2.98061863574394,3.01553490085017,4.77575648656363,3.38099467434464,4.58802402715312,3.92592591059714,1.09861228866811,0,0.22314355131421,1.09861228866811,2.21529074546294,1.14911011870777,14.8736654488331,22.69681011,6.46824881437433,14.8654503255427,"Woodland","Carnivore","Insessorial",3.92986292355648,0.912282710476616,36.35,-1.261991548
"Mimidae",3.69386699562498,3.5945687746427,4.62888671260541,2.2512917986065,4.89034912822175,4.43556740160191,0.693147180559945,0,0.599710355979466,1.19392246847243,2.21995237020019,1.08503694896569,12.0276646806354,14.5380508,6.3714062370357,13.7685824590747,"Shrubland","Omnivore","Generalist",2.53210825127229,3.59621576925052,-120.09,-1.8243519
"Sturnidae",3.40784192438082,3.36729582998647,4.85437127162159,3.64805745959368,4.18661983833127,4.34510328056928,1.09861228866811,0.693147180559945,0.713400686587188,1.64865862558738,3.13200989184654,1.73183144154608,16.6535470565938,6.837815302,6.3713953159274,20.9770131123423,"Human Modified","Omnivore","Insessorial",3.84245854204224,3.91840261239218,52.41,-1.676494561
"Cinclidae",3.07269331469012,3.39450839351136,4.48975933447676,3.27714473299218,3.94739014926544,4.03777421073371,1.09861228866811,0,0.371839380458504,1.30833281965018,2.3238679820052,0.923709134159103,15.4069360239319,0.452373677,6.37583107410446,12.6346388565463,"Riverine","Carnivore","Generalist",4.11480057078948,3.95795193731655,-128.75,-1.737868216
"Turdidae",2.86789890204411,3.37416870927424,4.57471097850338,3.3499040872746,4.23844490619586,3.4626060097908,0,1.09861228866811,-0.0480144651017598,1.33500106673234,2.56494935746154,0.999776005695816,15.118932001392,16.00089254,7.22365042626027,15.8751513523462,"Forest","Carnivore","Terrestrial",3.05729762921215,3.85312189750799,-95.63,-1.789681092
"Muscicapidae",3.26956893918372,3.59731226058845,4.75531284441781,2.79116510781272,4.60416968565451,4.25844557290253,0,0,-0.247652925912438,0,2.49848699554385,1.51984368180245,1.63510565918268,25.55,7.7124885559941,12.1351135565897,"Forest","Carnivore","Terrestrial",-0.23572233352107,1.44220199305819,55.75,-2.317370637
"Promeropidae",3.60549784517489,3.15700042115011,4.53903038348355,3.02042488614436,5.64897423816121,3.54673968695281,0.693147180559945,0.693147180559945,0.160416721405905,0.741937344729377,2.44793641780125,1.35336476142857,11.6486213259422,16.22339693,6.14762547096867,12.9857529637415,"Shrubland","Omnivore","Insessorial",1.33762918913861,3.50825645395556,21.38,-1.624681684
"Dicaeidae",2.2082744135228,2.46809953147162,3.91202300542815,2.91235066461494,3.21084365317094,2.06686275947298,0,0,-0.824228245120359,0.851752210736584,1.73085539078392,0.753567045885789,10.6536750566303,24.7179929,8.13971054494238,12.2358547238146,"Forest","Herbivore","Insessorial",1.3787660946991,1.62727783056243,150.92,-2.317370637
"Nectariniidae",3.00568260440716,2.63905732961526,4.01277290852829,2.86789890204411,3.55820113047182,2.07944154167984,0.693147180559945,0,-0.734969675413784,0.8754687373539,1.87379955097509,0.796506759127693,13.7278826636942,25.4289914,7.94439287992565,14.9744007416794,"Forest","Omnivore","Insessorial",2.78562833574758,1.54756250871601,137.76,-2.14772719500815
"Irenidae",3.35689712276558,3.04927304048202,4.88658264542628,3.06339092202781,4.65300751540225,4.38576962095272,0,0,0.0821205477755558,0.906240396020654,2.65477191546629,1.39056643405775,12.341919411857,25.24091075,7.87156167061849,11.6002401292969,"Forest","Herbivore","Insessorial",2.57184857992181,2.48240351956988,123.22,-2.161932007
"Peucedramidae",2.66025953726586,2.92316158071916,4.26267987704132,3.3178157727231,3.96651119071222,2.39789527279837,0,0.693147180559945,-0.208373939739088,1.28093384546206,1.99088709144663,0.792171737607129,13.4486080330278,18.36510738,6.7438312405457,13.2986031442157,"Forest","Carnivore","Insessorial",3.07869379426834,3.1684242813721,-102.36,-1.75471387
"Urocynchramidae",2.54160199346455,3.09104245335832,4.29728540621879,2.69462718077007,4.35926964755127,3.35340671782581,0.693147180559945,0,-0.134068212845039,1.09861228866811,2.30736639035265,0.847299468243054,13.3494984400278,0.088995799,6.29715463805991,12.4136070047955,"Shrubland","Herbivore","Generalist",2.31154483436552,3.52105234347043,100.08,-1.624681684
"Ploceidae",2.89037175789616,3.03495298670727,4.31214050720972,2.73436750941958,4.02535169073515,3.29953372788566,0.693147180559945,0,0.236946516972649,0.53062825106217,2.39789527279837,1.2062732666323,15.2537160840504,24.24907103,7.30029033171745,14.885045844973,"Woodland","Carnivore","Insessorial",3.24063731664971,1.23547147138531,13.19,-1.75471387
"Viduidae",2.31253542384721,2.58776403522771,4.15575319035074,3.04452243772342,3.69386699562498,2.52572864430826,1.09861228866811,0,-0.410919958791128,1.09861228866811,2.0682151463576,0.70447269660049,15.7560967843459,24.58237106,6.73833529269779,15.6388139128676,"Shrubland","Herbivore","Terrestrial",3.98266784499748,0.254642218373581,21.31,-2.939125157
"Estrildidae",2.484906649788,2.57261223020711,3.92592591059714,3.03974915897077,3.68386691229039,2.50959926237837,1.09861228866811,0,-0.261364764134408,1.6094379124341,2.30258509299405,0.762796856836733,15.5073885703369,22.58810849,7.4743924268058,16.231836304966,"Shrubland","Herbivore","Insessorial",3.63177986207336,2.95699144523756,100.4,-2.939125157
"Prunellidae",2.59525470695687,3.06339092202781,4.50645421304893,3.40784192438082,4.09100566095659,3.24649099190117,1.09861228866811,0.693147180559945,-0.213094215461208,1.6094379124341,2.37968289237093,0.888690940812571,14.2772622837122,-2.430410792,5.91272883902158,13.1353506761569,"Grassland","Omnivore","Terrestrial",3.0708397460408,3.82275453766996,86.97,-1.75471387
"Passeridae",2.60268968544438,2.88480071284671,4.31615389052317,3.30688670219091,4.04655389838575,3.27714473299218,1.09861228866811,0,0.00490793635258281,1.41098697371026,2.99071973173045,1.31542775072653,17.3537958052053,9.637963862,6.46106158667609,21.2049167981558,"Human Modified","Herbivore","Terrestrial",4.17868571065585,3.83557383326474,61.68,-2.11011913
"Motacillidae",2.77881927199042,3.15273602236366,4.46590811865458,3.44680789291421,4.4636066216663,3.17387845893747,1.09861228866811,1.09861228866811,-0.475458479928699,1.70474809223843,2.61739583283408,1.03148213909415,17.4915254077623,5.686630359,6.26899596124989,19.6843962763996,"Human Modified","Carnivore","Terrestrial",3.97123486505999,3.96764690917614,81.67,-1.417430178
"Fringillidae",2.94443897916644,2.8094026953625,4.56434819146784,3.62700405039585,4.04830062372069,3.6454498961866,0,0.693147180559945,0.386024015450461,1.22377543162212,2.77881927199042,1.15115752483274,16.9366118941517,2.810586015,6.48389346838019,17.3135698845173,"Forest","Herbivore","Insessorial",4.06319783322526,3.95852483907957,24.37,-2.152371229
"Rhodinocichlidae",3.13983261752775,3.26575941076705,4.39691524716763,2.2082744135228,4.36691299686383,3.87120101090789,0,0,0.335471736287629,0.693147180559945,2.37925990242905,1.29866633613287,12.0035390548446,23.87551945,7.48176283594874,13.2936812821304,"Shrubland","Herbivore","Insessorial",2.95282477254271,2.60046499042227,-85.96,-1.634242462
"Plectrophenacidae",2.45100509811232,2.99573227355399,4.36437169943516,3.2846635654062,4.0342406381524,3.01062088604774,1.09861228866811,1.09861228866811,-0.021203207651103,1.48160454092422,1.760362345405,0.822377255265653,13.5912922417972,10.35447527,6.13024524604731,16.1423417248407,"Grassland","Omnivore","Terrestrial",2.48407296903942,3.87036733015931,-105.5,-1.558739819
"Cardinalidae",2.86789890204411,3.19867311755068,4.53796143629464,2.7408400239252,4.62301010411642,3.75185425327532,0.693147180559945,0,0.454077478695476,1.09861228866811,2.76000994003292,1.42472975565467,15.5793114808248,14.49628462,6.8121661338306,19.1337991503401,"Shrubland","Herbivore","Insessorial",3.45600117370283,3.55105313720653,-92.41,-1.579578053
"Thraupidae",2.73436750941958,3.20680324363393,4.4188406077966,2.99573227355399,4.24132675257075,3.3499040872746,0.693147180559945,0,-0.108004981399402,0.587786664902119,2.29030727602425,1.02917976447664,2.79910893204918,13.06818182,7.48439417947693,14.2239223908779,"Shrubland","Herbivore","Generalist",-2.99573227355405,3.61899332664977,-12.68,-1.634242462
"Passerellidae",2.57261223020711,2.79116510781272,4.21950770517611,3.18635263316264,4.02535169073515,2.50143595173921,0.693147180559945,1.09861228866811,0.0130486133439242,1.30833281965018,2.4706386779903,0.93193272592346,16.3866762875317,6.015148603,6.52221173124439,19.4314588554054,"Forest","Omnivore","Generalist",3.9759363311718,3.85099830359037,-103.73,-1.841493969
"Emberizidae",2.59525470695687,3.06805293513362,4.19418989719182,3.00071981506503,4.2076732475291,3.08648663682246,0.693147180559945,0.693147180559945,-0.0758017134162818,1.38629436111989,2.42745407503992,0.950940241439581,16.1489864181677,6.137847057,6.56187770846913,19.1827293144816,"Shrubland","Omnivore","Generalist",3.77459832951647,3.86869788068977,-103.48,-1.605742164
"Parulidae",2.58776403522771,3.02042488614436,4.24849524204936,3.02042488614436,4.08597631255158,2.63188884013665,0.693147180559945,1.09861228866811,-0.562118918153541,1.52605630349505,2.19722457733622,0.779856467591665,10.5375888331921,5.684020148,6.6547448908311,11.852371845865,"Forest","Carnivore","Insessorial",1.26694760348733,3.81485109367587,-87.6,-1.85652772357423
"Icteridae",2.86789890204411,3.20680324363393,4.65396035015752,3.49650756146648,4.24563400976833,3.69635146895264,0.693147180559945,1.09861228866811,0.17512908621245,1.48160454092422,2.82731362192903,1.18963036206307,16.2774444710147,8.668525451,6.5405056566959,19.0341271796128,"Forest","Carnivore","Terrestrial",3.92098274679962,3.76120011569356,-101.66,-1.936180099
