Family,Beak length_culmen,Beak length_nares,Beak width,Beak depth,Tarsus length,Wing length,Kipp's distance,Secondary1,Hand-wing index,Tail length,Mass,Brain mass,Habitat,Habitat density,Trophic level,Trophic niche,Migration,Primary lifestyle,Clutch size,Maximum longevity,Generation length,Abundance,Developmental mode,Latitude_minimum,Latitude_maximum,Latitude_centroid,Longitude_centroid,Range size,Mean annual temperature,Annual precipitation,
Struthionidae,89.85,51.6,47,23.5,473.95,544.75,NA,544.45,0.1,300.45,111000,41.91909091,Shrubland,3,Herbivore,Omnivore,1,Terrestrial,9.2,50,14.52863666,937151,2.301570989,-17.26,17.045,4.04,31.26,4837167.88,24.91945337,375.7528805,
Casuariidae,87.05,24.35,17.9,19.4,308.35,226.65,NA,226.475,0.1,356.2,39791.8,30.69276,Forest,1.5,Herbivore,Frugivore,1,Terrestrial,5.6,30.64751425,11.01294999,543600,2.332707179,-18.5925,-3.135,-10.815,139.525,1298205.188,23.67518898,2369.795179,
Apterygidae,129.68,3.4,4.38,4.96,69.9,NA,NA,NA,0.1,0.1,1965.2,10.05426667,Forest,1.2,Carnivore,Invertivore,1,Terrestrial,1.531,26.75133887,9.249305917,589.4,2.332707179,-43.128,-39.638,-41.538,172.034,11507.518,10.76309572,2537.752937,
Rheidae,78.15,34.55,26,16.6,300.6,614.75,NA,616.65,0.1,60.2,23450,19.37984,Grassland,3,Omnivore,Omnivore,1,Terrestrial,19.95,39.75399184,10.30614799,1066382.5,2.332707179,-47.355,-10.43,-29.42,-61.045,3811435.23,15.44591792,710.3695534,
Tinamidae,30.27021277,12.62765957,5.772340426,5.755319149,46.63829787,170.6659574,39.86595745,130.5808511,23.56595745,58.40851064,532.5638298,2.452826667,Forest,1.553191489,Herbivore,Omnivore,1,Terrestrial,4.846875,14.71942773,4.894812974,571478.2667,2.331603059,-20.56808511,-1.617446809,-11.47489362,-64.87148936,1911452.057,20.80115528,1650.184399,
Anhimidae,46.56666667,21.76666667,12.83333333,15.03333333,119.7333333,520.9666667,178.9666667,343.1,34.33333333,217.7666667,3369.2,8.77212,Wetland,3,Herbivore,Herbivore aquatic,1,Terrestrial,3.966666667,24.25352611,7.562174155,1417474.333,1.438408071,-19.98666667,4.023333333,-7.636666667,-63.79666667,4966689.663,24.60861967,1608.651824,
Anseranatidae,85.6,42.4,22.8,20.4,87,405.6,144,269,34.9,148.1,2393.4,9.1168,Wetland,3,Herbivore,Omnivore,2,Terrestrial,8.4,24.8,8.144257987,14328914,1.428029341,-38.9,-10.62,-20.53,137.43,223353.42,24.76873692,1067.300913,
Anatidae,48.93806452,30.45677419,18.03612903,14.60516129,46.03806452,263.9025806,119.6690323,143.7367742,45.5316129,91.64967742,1462.914839,6.344224862,Wetland,3,Herbivore,Herbivore aquatic,2.103225806,Aquatic,7.680536913,19.85986113,5.247827368,15180460.18,2.314655304,-2.627189542,29.21666667,14.52444444,12.17607843,6347033.8,11.10719062,867.0336418,
Megapodiidae,29.21818182,15.84545455,8.227272727,11.28181818,69.64090909,236.9136364,56.25454545,181.0409091,23.85,100.7409091,984.6545455,4.34084,Forest,1.409090909,Herbivore,Omnivore,1,Terrestrial,8.88,14.18166329,5.744166496,256172.7368,2.332707179,-9.9445,-1.3985,-5.642,119.677,193750.396,24.57891602,2394.292497,
Cracidae,38.8490566,18.52075472,10.15849057,14.53773585,76.91132075,296.9943396,33.87924528,262.6849057,11.77169811,288.0113208,1501.362264,5.758748571,Forest,1,Herbivore,Frugivore,1,Insessorial,2.384615385,19.03566595,6.499882035,430017.7692,1.527837982,-7.665283019,4.625283019,-1.290566038,-68.89471698,929808.4649,23.15843966,1856.230667,
Numididae,31.23333333,20.36666667,12.45,13.03333333,76.25,248.2,46.33333333,199.2,18.83333333,153.9333333,1026.5,4.58266,Forest,1.333333333,Herbivore,Omnivore,1,Terrestrial,9.68,12.90860031,3.798903269,5041706,1.294834166,-12.54,10.525,0.681666667,19.55166667,3242020.31,24.5238568,1371.514921,
Odontophoridae,17.83333333,10.32121212,7.748484848,10.11212121,37.6030303,128.6242424,26.56363636,101.3424242,21.23030303,67.26969697,266.8939394,1.474206667,Forest,1.424242424,Herbivore,Omnivore,1,Terrestrial,7.39,12.90165171,3.909237793,855551.6061,2.306404264,6.319375,17.6896875,12.4359375,-79.915,840114.1731,20.33371565,1690.302812,
Phasianidae,27.97288136,15.16553672,9.188983051,9.720621469,52.41836158,189.9853107,47.5480226,141.3830508,25.23050847,152.4621469,812.1341808,3.582011117,Forest,1.858757062,Herbivore,Omnivore,1.045714286,Terrestrial,6.096666667,15.00327716,4.370391091,1813809.383,2.294065516,9.472685714,25.22577143,18.07502857,64.20868571,1895836.318,16.35456769,1329.735537,
Phoenicopteridae,109.3,80.8,26.41666667,37.25,241.0166667,394.1166667,171.7333333,220.2833333,43.91666667,145.8333333,2790.033333,9.300933333,Wetland,3,Carnivore,Aquatic predator,1.166666667,Terrestrial,1,36.35865278,12.34810835,27406486,0.324086148,-29.63666667,11.48,-11.735,-36.85333333,1552640.182,15.89674533,585.5718405,
Podicipedidae,38.2,22.86315789,5.6,8.221052632,46.55263158,134.5894737,50.61052632,83.81578947,36.74736842,31.38421053,548.1736842,2.818503636,Wetland,3,Carnivore,Aquatic predator,1.736842105,Aquatic,3.468421053,15.19036823,4.877996842,8540941.895,1.432945581,-25.93473684,20.25473684,1.037894737,-6.065789474,8470772.657,11.7791005,787.817981,
Mesitornithidae,29.33333333,13.73333333,3.666666667,4.9,36.26666667,115.8333333,10.8,103.4333333,9.466666667,110.5666667,131.9666667,2.072,Woodland,1,Carnivore,Invertivore,1,Terrestrial,1.5,12.96523618,4.904287817,53071.66667,0.729312282,-23.06666667,-16.00666667,-19.52333333,46.21,29676.00333,23.45440723,1229.877124,
Pteroclidae,18.1875,8.6125,4.6125,5.6875,24.53125,192.28125,105.15625,86.6875,54.24375,97.2625,244.28125,1.507173333,Grassland,3,Herbivore,Granivore,1.625,Terrestrial,2.8625,16.09851675,3.815989898,2996964.125,2.331409838,-0.49375,21.8575,11.105625,41.014375,3622515.414,19.82066654,444.6368575,
Columbidae,22.1980198,11.1339934,4.580858086,5.154455446,27.18712871,168.3151815,53.25676568,114.99967,31.1630363,111.3214521,250.629703,1.821496609,Forest,1.881188119,Herbivore,Frugivore,1.089108911,Insessorial,1.512328767,14.48175783,4.477679718,7062913.795,-1.563478467,-9.322195946,7.920135135,-0.318547297,56.27016892,1939803.333,22.54409405,1951.838106,
Musophagidae,27.32608696,13,8.086956522,12.65652174,40.42173913,194.7478261,24.03043478,171.0217391,11.9173913,209.6565217,306.9956522,3.816927273,Forest,1.565217391,Herbivore,Frugivore,1,Insessorial,2.104545455,14.18833813,5.144031802,991474,-0.60499117,-10.16652174,5.770434783,-2.054347826,24.68913043,1525974.726,22.56525599,1168.91076,
Otididae,53.24230769,28.26538462,11.85,11.18076923,113.8576923,383.4153846,153.2,227.5615385,39.68461538,186.0807692,2568.734615,8.071175,Grassland,3,Omnivore,Omnivore,1.076923077,Terrestrial,1.892,22.50339945,8.703550673,526653.95,1.438408071,-9.479615385,12.69769231,3.198461538,39.32846154,2664230.429,21.45482459,524.6207445,
Cuculidae,32.13165468,20.04676259,8.180935252,10.85827338,34.5618705,159.0107914,34.66366906,124.797482,22.58992806,190.3794964,147.0503597,2.083093333,Forest,1.45323741,Carnivore,Invertivore,1.316546763,Insessorial,2.648484848,10.34650166,3.787593081,1740438.276,-1.828610241,-12.18201493,12.53932836,1.029925373,51.40186567,3563890.463,23.59401721,1854.468823,
Opisthocomidae,32.6,15.7,10.2,13.7,51.3,322,47.7,275.3,14.8,290.7,696,4.03004,Riverine,2,Herbivore,Herbivore terrestrial,1,Insessorial,3,13.36942647,6.232173582,3615485,-0.921311393,-18.23,10.49,-3.65,-61.99,7559878.74,25.77668794,2221.485229,
Heliornithidae,43.26666667,21.26666667,5.433333333,9.066666667,36.7,189.0666667,65.7,123,34.46666667,105,413.6666667,1.4,Wetland,2,Carnivore,Aquatic predator,1,Aquatic,3.833333333,14.64470429,5.069348614,665692.3333,1.428029341,-16.25,22.77,4.77,17.54,6823073.73,25.10903175,1866.612389,
Rallidae,35.01129032,18.72258065,4.57983871,8.462096774,46.24677419,134.541129,30.71532258,103.9040323,22.18790323,52.97822581,309.1854839,2.607203333,Wetland,1.774193548,Carnivore,Aquatic predator,1.346774194,Terrestrial,5.298947368,12.20045867,3.749914481,2896260.159,1.224348361,-15.65837398,12.46154472,-1.351382114,28.65414634,3754496.331,20.16461073,1656.919204,
Psophiidae,40.13333333,19.6,7.8,13.13333333,122.5333333,278.1,20.26666667,258,7.3,115.6333333,1137.533333,5.6303,Forest,1,Herbivore,Frugivore,1,Terrestrial,3,19.93426664,6.756310006,347322.3333,1.438408071,-9.99,4.85,-2.99,-59.395,2265371.475,25.778962,2303.692846,
Aramidae,130.4,84.9,8.8,13.4,84.6,241.2,24.4,196.6,11.1,225.8,1080,6.85832,Wetland,3,Carnivore,Aquatic predator,1,Terrestrial,5.7,14.31117689,3.850647088,6346144,1.438408071,-39.32,31.24,-10.49,-58.48,12182050.36,23.92035414,1600.557767,
Gruidae,128.4933333,68.64666667,12.56666667,19.40666667,250.1466667,558.6133333,228.5,328.5733333,41.14666667,213.4066667,5288.806667,17.15056,Wetland,3,Omnivore,Omnivore,2.333333333,Terrestrial,2.086666667,32.54152447,12.50561566,8707125.4,1.434256579,12.10666667,38.54266667,28.02333333,59.494,3456491.42,9.722111022,639.9581576,
Burhinidae,52.48888889,27.84444444,9.322222222,11.56666667,92.18888889,238.0555556,103.4555556,133.7444444,43.52222222,117.5888889,583.2222222,4.548099,Grassland,3,Carnivore,Invertivore,1.666666667,Terrestrial,1.777777778,20.47488877,7.90173431,2032593.625,1.431488918,-16.71,20.09555556,2.207777778,35.70555556,5219122.559,22.90058889,969.7737614,
Chionidae,27.83333333,18.5,7.233333333,11.73333333,37.23333333,202.9666667,83.43333333,119.1666667,42.63333333,89.06666667,417.9333333,3.84676,Marine,3,Omnivore,Omnivore,2.333333333,Terrestrial,2.233333333,21.09200357,7.444237079,2909032.5,1.438408071,-57.98333333,-48.95,-54.61666667,-20.35,49415.43,6.547020876,640.9284307,
Charadriidae,25.25373134,14.54029851,4.01641791,4.641791045,43.58507463,155.3477612,73.22537313,81.72686567,48.23880597,66.36716418,116.6477612,1.487604552,Grassland,3,Carnivore,Aquatic predator,1.893939394,Terrestrial,3.072580645,15.32524823,4.381610071,10180527.06,2.331110451,-11.04953846,22.52784615,7.925692308,33.38153846,4597788.634,16.32317778,876.1957572,
Recurvirostridae,79.52857143,63.5,5.471428571,4.614285714,91.62857143,223.3857143,108.6,114.0142857,48.88571429,80.97142857,268.9,1.940216,Wetland,3,Carnivore,Aquatic predator,1.857142857,Terrestrial,3.671428571,18.25689951,5.315153985,10392186.67,2.330400795,-29.70285714,11.84428571,-5.84,50.81714286,11092177.65,13.79373842,625.0389039,
Haematopodidae,82.13333333,62.14166667,7.891666667,11.025,50.59166667,257.825,119.4833333,137.4333333,46.48333333,102.9166667,605.5083333,4.797795111,Coastal,3,Carnivore,Aquatic predator,1.083333333,Terrestrial,2.409090909,28.37174362,11.65862021,6265750.083,1.410102443,-27.81666667,1.581666667,-14.09083333,22.73166667,1576665.26,12.43965564,954.9536281,
Scolopacidae,58.47252747,46.80769231,4.6,6.374725275,36.92417582,149.6010989,70.31978022,79.09230769,46.58571429,59.66483516,160.632967,1.609198278,Wetland,3,Carnivore,Aquatic predator,2.604395604,Terrestrial,3.6,16.55811324,4.59967135,21292038.08,2.14390788,33.40266667,53.87188889,44.82822222,8.925111111,4092549.369,9.420740409,1015.450284,
Pedionomidae,16.2,7.5,3.4,3.9,24.4,89,26.1,59.7,30.6,26.8,62.5,0.79772,Grassland,3,Omnivore,Omnivore,1,Terrestrial,3.7,11.1494494,3.023908919,131,2.332707179,-36.43,-23.21,-29.41,142.77,32628.67,20.258125,307.5772727,
Thinocoridae,17.65,9.725,6.275,6.9,22.875,151.55,71.8,78.825,47.7,63.325,204.775,0.97296,Grassland,3,Herbivore,Herbivore terrestrial,1,Terrestrial,4,14.47940903,3.771821196,1072537.75,2.332707179,-54.65,-12.0475,-34.74,-70.2975,904767.9675,8.440628442,447.2761087,
Jacanidae,31.4,17.0125,3.9875,5.8375,57.05,143.7125,44.3125,99.9375,30.15,45.9,135.425,1.38769,Wetland,3,Carnivore,Aquatic predator,1.5,Terrestrial,3.7125,11.43474515,3.799833527,5922764.625,2.327517814,-20.345,17.1775,0.81125,33.14625,5814623.899,24.10460939,1397.840445,
Rostratulidae,47.6,37.36666667,3.933333333,6.166666667,39.3,123.1666667,37.56666667,81.76666667,31.53333333,45.83333333,106.2,1.47112,Wetland,1,Omnivore,Aquatic predator,2,Terrestrial,2.85,12.83159203,4.213488035,2007788.333,2.034607476,-39.34333333,1.356666667,-19.07,45.94,9625367.64,18.98631557,857.9088431,
Turnicidae,13.43125,7.5,3.275,4.94375,20.7875,81.525,25.4875,55.95625,30.975,32.05,58.4125,0.813685714,Grassland,2.5,Omnivore,Omnivore,1.0625,Terrestrial,3.435714286,10.28456828,2.858088252,447542,1.438408071,-19.26625,4.97,-6.135,105.010625,3544296.856,22.70274153,1228.865579,
Dromadidae,62.7,44.8,9.9,14.9,90.4,208.5,112,96.5,53.7,66.7,325,3.9,Coastal,3,Carnivore,Aquatic predator,1,Terrestrial,1,17.67303654,7.2013327,7892858,-0.578863373,11.36,30.79,22.79,49.42,318985.68,25.60820059,710.5256449,
Glareolidae,19.97647059,11.1,4.682352941,5.070588235,43.11764706,158.9117647,80.64117647,77.91764706,50,64.34705882,94.42941176,1.252048,Grassland,3,Carnivore,Invertivore,1.823529412,Terrestrial,2.15625,11.82692129,3.932726947,4509770.067,1.419482151,-11.22470588,20.73117647,6.648823529,51.68294118,3820172.056,22.5188994,795.4616082,
Stercorariidae,47.81428571,17.05714286,8.628571429,14.71428571,55.34285714,360.7714286,193.1,166.8285714,54.05714286,164.4571429,1018.257143,4.77337,Marine,3,Carnivore,Aquatic predator,3,Aerial,1.985714286,28.85387306,12.45487349,45861584.43,1.183845652,-16.84714286,29.36428571,14.99571429,-2.724285714,14876475.72,-1.649181153,895.6878809,
Alcidae,33.20833333,17.45,6.316666667,12.55833333,26.28333333,149.75,73.45,75.5625,48.92083333,43.77083333,380.4333333,4.134784615,Marine,3,Carnivore,Aquatic predator,3,Aquatic,1.3,19.36815519,8.372747897,12547292.38,-0.199318734,39.25666667,63.94708333,53.28208333,-13.08625,930491.2617,3.310811717,1005.224769,
Laridae,50.1989899,25.12727273,5.745454545,11.39494949,37.60707071,307.0646465,183.1282828,123.5161616,60.68181818,129.6686869,406.7212121,3.792089819,Coastal,3,Carnivore,Aquatic predator,2.171717172,Aerial,2.221875,24.43010894,8.559481728,67095396.43,0.711668167,-1.523877551,33.74479592,17.34306122,10.375,4607138.401,13.68975679,913.4968396,
Caprimulgidae,17.57802198,6.786813187,4.63956044,3.063736264,16.84835165,164.7527473,77.98131868,87.41538462,46.46923077,130.432967,61.95604396,1.051125714,Forest,1.945054945,Carnivore,Invertivore,1.443181818,Aerial,1.58030303,10.62047253,3.547987906,1045909.253,0.958789551,-8.640795455,14.65352273,2.873636364,-0.553295455,2733419.159,22.38914376,1488.819418,
Steatornithidae,36.3,18.2,9.9,14.3,19.1,308.3,120.8,192.1,38.6,200.2,408,3.5468,Forest,1,Herbivore,Frugivore,1,Insessorial,2.8,14.21974383,5.015923232,1679124,-0.578863373,-17.62,11.53,0.87,-70.07,1057217.82,21.27027906,2237.240092,
Nyctibiidae,28.11428571,10.9,6.1,5.442857143,12.17142857,267.1571429,118.5571429,149.7857143,44.31428571,198.6,247.7,2.05128,Forest,1,Carnivore,Invertivore,1,Insessorial,1,12.99164408,5.0667089,475491.8571,-0.578863373,-18.06,12.93,-1.694285714,-67.62285714,5075322.65,23.71537958,1966.710779,
Podargidae,28.95384615,19.91538462,28.80769231,14.93076923,19.13846154,176.9076923,43.13846154,133.9,23.89230769,146.0384615,140.5307692,5.03496,Forest,1.307692308,Carnivore,Invertivore,1,Insessorial,1.333333333,12.17015735,4.610370905,215976.8,-1.387144249,-8.34,7.830833333,0.56,119.2541667,1124716.917,24.5706613,2621.820808,
Aegothelidae,16.85454545,5.681818182,4.918181818,4.209090909,21.2,136.0363636,39.72727273,96.3,29.48181818,116.8727273,57.54545455,1.47112,Forest,1.090909091,Carnivore,Invertivore,1,Insessorial,3.5,9.73015029,3.371388216,198520.8571,-3.250002417,-12.97666667,-4.352222222,-8.521111111,141.6433333,908805.8389,22.33836473,2777.568049,
Apodidae,8.238383838,3.447474747,2.982828283,2.338383838,11.5020202,137.2575758,93.55252525,43.66868687,67.87676768,54.9969697,31.57575758,0.657936,Forest,1.02020202,Carnivore,Invertivore,1.494845361,Aerial,2.31754386,10.08787086,3.153295692,5525787.762,-2.824432575,-6.781052632,15.25652632,4.658736842,24.90115789,2515641.274,22.55836242,1873.584129,
Trochilidae,23.4733631,18.5077381,2.161607143,2.027232143,5.148511905,56.42589286,35.54047619,20.69166667,63.42589286,40.05997024,5.080059524,0.223630909,Forest,1.523809524,Herbivore,Nectarivore,1.074404762,Aerial,2,7.531158373,2.035022807,1019335.486,-2.16462637,-4.782930514,8.305951662,1.903444109,-74.34670695,824805.3917,20.13577771,1776.311183,
Phaethontidae,63.96666667,48.06666667,8.433333333,19.06666667,26.06666667,303.0333333,208.7666667,93.06666667,69.2,102.7333333,583.3,3.99136,Marine,3,Carnivore,Aquatic predator,3,Aerial,1,24.97575363,10.01253572,56955393.67,-0.803385839,-29.73,32.48333333,-4.68,60.34666667,100114.68,25.24729305,1556.566668,
Eurypygidae,62.7,41,3,8.7,49,216.5,33.5,176.2,16,142.3,210,2.56928,Wetland,2,Carnivore,Aquatic predator,1,Terrestrial,2,15,5.084054302,1469601,-0.578863373,-19.4,16.73,-3.86,-62.85,8423208.45,25.66826116,2249.162304,
Rhynochetidae,67.2,42.2,9.8,17,100,264.3,37.1,227.2,14,183.5,860,6.9412,Forest,1,Carnivore,Invertivore,1,Terrestrial,1,25,7.604857201,45613,1.38651442,-22.15,-20.82,-21.58,165.9,1341.75,20.50194805,1820.974026,
Gaviidae,81.56,50.16,9.04,17.28,76.48,317.8,156.64,160.34,49.32,51.76,3177.86,7.901013333,Wetland,3,Carnivore,Aquatic predator,3,Aquatic,1.96,27.90390186,9.811971145,11495251.8,1.413499119,47.77,79.48,64.056,-11.812,10889914.02,-7.525005147,423.8600182,
Spheniscidae,64.20625,34.525,12.35625,20.3375,33.49375,115.15,5.53125,105.90625,5.0625,75.66875,6194.96875,19.677236,Marine,3,Carnivore,Aquatic predator,1.9375,Aquatic,1.86,25.49271163,10.89293466,7113947.467,-0.561311761,-52.95142857,-37.37928571,-45.70214286,24.83642857,151963.7421,11.44195622,1256.847497,
Diomedeidae,126.5307692,88.46153846,23.8,35.65384615,87.93076923,530.8384615,333.7615385,196.9384615,63.17692308,195.9153846,3938.630769,20.75626,Marine,3,Carnivore,Aquatic predator,2.230769231,Aquatic,1,46.99361026,21.88371005,4109988.462,-0.578863373,-46.32125,16.32375,-14.97,-19.54375,53602686.09,10.02857085,1130.266951,
Oceanitidae,18.25,8.175,3.1625,4.2375,36.5875,154.45,87.9375,66.5,57,75.075,42.45,0.89614,Marine,3,Carnivore,Aquatic predator,2.625,Aerial,1,14.65912281,5.659911542,5927503.125,-0.889740634,-51.6925,-10.75125,-31.74375,-10.45375,30251347.46,18.54722153,1403.797195,
Hydrobatidae,17.08,9.733333333,2.873333333,4.473333333,23.87333333,152.9666667,88.60666667,64.48666667,57.92,77.40666667,45.10666667,0.57498,Marine,3,Carnivore,Aquatic predator,2.933333333,Aerial,1,24.61206136,10.08457243,10007278.18,-1.341252844,-3.973571429,40.79285714,18.18428571,-35.78142857,23480764.57,17.90606056,1020.931403,
Procellariidae,36.37380952,24.60595238,8.295238095,10.14166667,39.84642857,256.5630952,150.0904762,105.622619,58.50119048,100.1333333,473.275,5.266831667,Marine,3,Carnivore,Aquatic predator,2.202380952,Generalist,1,26.06565713,12.36282329,4358414.526,-0.591199772,-44.72037037,15.31135802,-16.38839506,-10.52432099,46167576.51,16.57585771,1485.076449,
Ciconiidae,226.8631579,188.1052632,29.96315789,45.14210526,223.1157895,533.2315789,217.4473684,313.6105263,40.67894737,219.7263158,3669.078947,16.95830769,Wetland,2.894736842,Carnivore,Aquatic predator,1.789473684,Terrestrial,3.183333333,29.6616087,9.970211687,6085323.158,-0.578863373,-16.96789474,28.23315789,9.245789474,46.79105263,7436297.265,22.90938792,1292.23258,
Threskiornithidae,148.8852941,126.0264706,16.00882353,18.32941176,87.11176471,347.0470588,122.0882353,226.0764706,34.92058824,144.3382353,1298.073529,8.692518462,Wetland,2.647058824,Carnivore,Aquatic predator,1.558823529,Terrestrial,2.793103448,23.26460623,7.823457262,5948478.452,-1.110006469,-18.33823529,14.79529412,-2.341176471,25.245,4175453.712,21.53999157,1228.431741,
Ardeidae,89.10806452,67.55967742,11.71290323,15.81129032,91.01935484,277.8693548,86.07258065,190.4048387,30.76935484,102.333871,688.8822581,4.994178467,Wetland,2.370967742,Carnivore,Aquatic predator,1.693548387,Terrestrial,3.740350877,17.77129525,5.225618381,10798653.43,-0.468402235,-22.6316129,29.76032258,5.732096774,26.89677419,11706206.23,20.96913864,1372.012339,
Balaenicipitidae,202.7,174,88.9,87.2,243.8,642.2,233.8,404,36.7,282.3,5941,23.18568,Wetland,3,Carnivore,Aquatic predator,1,Terrestrial,1.7,35.85,10.980509,150850,-1.158800364,-12.61,10.32,-0.96,31.36,1281979.14,23.70275314,1031.52055,
Pelecanidae,364.05,332.175,46.1875,45.3,104.4625,593.9125,264.9375,327.3375,44.8375,160.4875,5904.2625,24.255136,Wetland,3,Carnivore,Aquatic predator,1.375,Aquatic,2.25,41.66854763,12.55939578,12874052,-1.150064818,-12.11625,31.53625,14.73625,11.9775,3553074.061,19.41388533,886.9140192,
Scopidae,84.5,62.8,13.4,22.2,65.6,293.2,108,191,36.1,154.1,472,4.403,Wetland,3,Carnivore,Omnivore,2,Terrestrial,4.3,14.27770182,4.487670121,7409108,-0.578863373,-34.84,20.89,-2.88,23.04,19881333.45,23.66847368,955.5589765,
Fregatidae,110.42,91.76,23.98,20.72,23.48,582,372.16,211.78,63.82,380.02,1332.52,9.404093333,Marine,3,Carnivore,Aquatic predator,3,Aerial,1,30.15727021,13.39323543,25426286.25,-1.695616117,-23.228,15.158,-7.318,-6.742,19484730.56,25.91209101,1716.881168,
Sulidae,96.37,90.86,23.96,31.23,50,420.42,252.97,167.61,60.03,191,1827.95,11.18977333,Marine,3,Carnivore,Aquatic predator,2,Aerial,1.42,27.10286749,11.07141324,62296251.4,-1.516985002,-24.131,16.026,-3.822,-5.186,30434102.35,21.57091986,1404.400895,
Anhingidae,86.9,74.675,10.35,13.8,44.6,344.775,128.1,217.175,37,241.675,1418.825,4.66208,Wetland,3,Carnivore,Aquatic predator,1.25,Aquatic,3.95,17.70471996,6.68188679,4075733.25,-1.397511157,-29.57,25.09,-3.7775,47.0575,11647280.92,23.85869144,1294.048066,
Phalacrocoracidae,60.64388889,45.17833333,9.862222222,13.355,56.38277778,257.9405556,91.5,166.0183333,35.295,127.5411111,1615.968889,8.581796,Marine,3,Carnivore,Aquatic predator,1.366666667,Aquatic,3.231666667,19.8036019,7.112075686,8552667.37,-2.004746704,-20.77714286,11.75035714,-3.641785714,20.20964286,3089464.799,14.90886082,921.7745256,
Tytonidae,35.94736842,18.75263158,9.689473684,15.55789474,61.45789474,265,90.52631579,173.6526316,33.04736842,116.1789474,477.9052632,8.706544,Forest,1.894736842,Carnivore,Vertivore,1.105263158,Generalist,3.7,21.78777659,4.334021979,168710,-2.185062549,-18.13733333,7.497333333,-3.612666667,88.21733333,5356715.715,22.70926372,1956.032367,
Strigidae,26.55388601,14.65647668,8.610362694,13.75336788,36.93678756,206.6497409,58.14352332,147.8398964,27.21450777,111.8642487,358.1766839,7.05117455,Forest,1.393782383,Carnivore,Invertivore,1.165803109,Insessorial,3.106666667,15.14926552,4.319428448,688281.0544,-1.327988406,-4.2125,15.33592391,6.199021739,32.03059783,2975286.444,20.68032867,1745.832716,
Cathartidae,67.38571429,41.6,20.35714286,23.52857143,82.2,570.5,182.3,386.4571429,29.82857143,267.3714286,4112.385714,20.583248,Human Modified,3,Scavenger,Scavenger,1.428571429,Terrestrial,1.4,34.21212632,13.21206464,22006774.71,-0.578863373,-30.90571429,28.45285714,-1.838571429,-73.09285714,11528321.68,19.29410254,1408.489126,
Sagittariidae,59.4,40.2,19,24.1,269.9,615.5,250.2,365.2,40.6,551.8,4017,15.54,Grassland,3,Carnivore,Vertivore,2,Terrestrial,2,21.07519459,9.453929854,596782,-0.578863373,-34.84,17.86,-3.98,23.61,14023594.92,23.29900576,749.5502429,
Pandionidae,47,27.7,17.3,19.6,49.8,468.4,204.8,253,44.9,201.3,1483.2,9.71768,Marine,3,Carnivore,Aquatic predator,3,Aerial,2.8,32,9.901877185,2657166,-0.578863373,-37.8,70.69,49.18,25.45,31298390.01,12.19410208,856.9878676,
Accipitridae,39.24375,24.01291667,12.785,18.42833333,72.09708333,365.3270833,131.3145833,234.2983333,34.9575,216.76,1267.401667,9.909228979,Forest,1.791666667,Carnivore,Vertivore,1.479166667,Insessorial,2.152051282,19.73588398,7.404196337,2573314.805,-0.570499441,-12.77550847,20.58487288,5.348940678,36.48949153,5660001.328,20.5257357,1454.531915,
Coliidae,14.4,9.75,7.4,7.883333333,20.9,91.56666667,25.8,65.8,28.23333333,212.65,47.18333333,1.10852,Shrubland,2,Herbivore,Frugivore,1,Insessorial,2.85,11.14051308,2.956580229,4270840,-1.56361673,-22.31833333,2.466666667,-8.911666667,26.245,3288823.658,22.53882865,671.5815522,
Leptosomidae,46.8,20.1,10.2,13.3,29.6,248.4,67.4,179.5,27.3,191.7,255,NA,Forest,1,Carnivore,Invertivore,1,Insessorial,4.5,12.53916235,4.14340783,552646,-2.997647279,-25.61,-11.36,-19.36,46.69,592877.2,22.87796057,1381.901632,
Trogonidae,21.09318182,12.69545455,9.386363636,10.18636364,15.05909091,141.3340909,52.72272727,88.27954545,37.31590909,154.725,91.10681818,1.737717333,Forest,1.022727273,Carnivore,Invertivore,1,Insessorial,2.416129032,11.87639737,3.919217384,720113.4091,-2.997647279,-3.941860465,14.2144186,5.864883721,-19.48325581,1718304.359,22.73734418,2109.455235,
Bucerotidae,137.0962264,112.0962264,31.32264151,51.82075472,52.26037736,305.1245283,57.14339623,247.4433962,18.57358491,264.9811321,1038.483019,12.22175111,Forest,1.547169811,Herbivore,Frugivore,1,Insessorial,2.609302326,22.00096465,7.073054192,773461.9333,-3.027678073,-6.705294118,11.07705882,2.822941176,66.19843137,1754620.581,24.34824232,1727.767393,
Phoeniculidae,41,31.4125,5.2625,7.05,19.2125,119.8875,24.9375,94.075,20.475,169.0125,42.05,1.374426667,Woodland,2,Carnivore,Invertivore,1,Insessorial,2.966666667,8.967647577,3.618186343,1337512.625,-1.831933191,-15.515,11.3,-0.65375,23.43,4042009.695,23.85351808,931.1238766,
Upupidae,55.8,46.9,5.5,6.3,21.1,142.3,30.5,111.5,21.4,96.9,66.9,1.187484615,Grassland,3,Carnivore,Invertivore,3,Terrestrial,4.8,11.1,2.477065393,25514915,-1.831933191,-34.84,60.04,28.97,61.74,47411719.4,13.60603137,678.8891433,
Meropidae,37.97777778,28.88148148,6.748148148,6.9,11.93333333,110.3592593,37.12962963,73.05185185,32.83333333,104.5037037,35.11481481,0.651006667,Woodland,1.962962963,Carnivore,Invertivore,1.444444444,Insessorial,4.131818182,7.157507936,3.158342996,8551425.636,-2.769736906,-12.16769231,16.86961538,4.848461538,48.14692308,4034374.127,23.77767769,1358.91796,
Brachypteraciidae,34.58,22.24,9.22,10.72,41.42,113.7,20.8,91.26,18.2,137.82,147.3,NA,Forest,1.2,Carnivore,Invertivore,1,Terrestrial,2.2,12.56679227,4.632192111,115970.2,-2.472809267,-24.634,-14.96,-18.702,47.686,27803.35,20.94731571,1509.955575,
Coraciidae,36.925,23.85,10.78333333,13.85,21.85,176.15,58.85,117.5666667,33.3,116.6583333,128.475,2.09724,Woodland,2,Carnivore,Invertivore,1.5,Insessorial,3.4,10.00387313,3.933579786,3513504.083,-2.472809267,-11.87,20.30916667,5.990833333,52.7925,6316103.703,23.1376706,1264.893255,
Todidae,18.26,12.54,4.62,2.96,12.62,45.38,7.32,37.82,16.08,33.78,6.88,0.428213333,Forest,1.4,Carnivore,Invertivore,1,Insessorial,3.1,9.467273867,2.51466182,293215.8,-2.57643502,18.136,20.028,19.166,-73.066,55681.228,24.22297851,1569.134096,
Momotidae,40.58461538,28.56153846,10.81538462,11.21538462,24.9,123.7,21.03076923,102.6076923,17.13076923,186.5076923,97.99230769,2.364152,Forest,1.230769231,Carnivore,Invertivore,1,Insessorial,3.35,10.61180684,3.4348733,795216.5,-2.524622143,-5.456153846,14.32076923,3.991538462,-75.13538462,2028254.673,23.51274984,1895.397954,
Alcedinidae,47.66516854,37.21910112,11.5505618,12.37752809,14.43146067,101.3786517,23.97640449,77.3505618,23.35617978,74.60786517,81.42022472,1.752083333,Forest,1.595505618,Carnivore,Invertivore,1.168539326,Insessorial,3.752380952,9.957797997,3.267338464,1652336.986,-2.632704918,-12.68275862,9.585402299,-0.908505747,87.61666667,3463299.443,23.93331311,2086.443889,
Bucconidae,30.68857143,22.4,8.891428571,10.16857143,17,87.91714286,19.15714286,68.86857143,21.49142857,73.04285714,49.26857143,1.35198,Forest,1.257142857,Carnivore,Invertivore,1,Insessorial,2.538461538,9.3226686,3.2778257,854290.0303,-2.73187365,-13.02028571,5.726,-3.752571429,-65.31285714,2270316.791,24.65528713,2331.721383,
Galbulidae,47.74444444,38.86111111,5.822222222,7.144444444,12.60555556,79.82777778,19.59444444,60.17222222,24.53888889,80.30555556,27.10555556,0.70685,Forest,1.555555556,Carnivore,Invertivore,1,Insessorial,2.5,8.340399953,2.793513448,941713.1111,-2.73187365,-11.18111111,4.216666667,-3.77,-65.55166667,2233145.884,25.02527926,2243.536548,
Picidae,27.31981567,20.59308756,7.238018433,7.14078341,20.99124424,116.8493088,25.93824885,90.7735023,21.28709677,74.7156682,84.07926267,2.60985899,Forest,1.479262673,Carnivore,Invertivore,1.050691244,Insessorial,3.568604651,9.979998,3.217495128,1471680,-2.779252091,-2.529330144,18.43727273,8.802248804,-13.14492823,2589113.189,20.42540689,1546.605751,
Indicatoridae,10.75,6.325,4.04375,4.50625,13.9125,82.36875,18.69375,63.5875,22.53125,52.825,27.13125,0.69412,Forest,1.5,Carnivore,Invertivore,1.0625,Insessorial,2.9,8.907730316,2.78150152,270011.7333,-3.194461876,-13.223125,11.689375,-0.365,30.19125,3517817.709,22.68547425,1493.760558,
Ramphastidae,43.42479339,36.62975207,13.44628099,16.34958678,26.7,106.2958678,17.58099174,88.63471074,16.85454545,80.60495868,118.5355372,2.919618636,Forest,1.20661157,Herbivore,Frugivore,1.033057851,Insessorial,2.924,12.03542422,3.796589692,887639.4862,-4.457982627,-8.6485,8.158833333,0.278333333,3.910916667,1515534.53,23.18525209,1889.006067,
Cariamidae,62.55,33.5,14.5,17.2,174.9,328.7,35.15,294.25,10.7,301.05,1349,9.5257,Shrubland,2,Carnivore,Invertivore,1,Terrestrial,2.2,20.6549444,7.946386892,996314.5,-0.018411946,-36.825,-10.565,-22.32,-56.965,3334226.095,22.14566562,957.5246676,
Falconidae,25.05396825,16.37936508,10.67301587,13.93809524,45.93492063,249.4380952,107.9619048,142.3507937,42.53650794,153.8761905,382.1126984,4.783801111,Forest,2.587301587,Carnivore,Vertivore,1.650793651,Insessorial,3.082692308,14.41623405,4.795692716,2392549.508,-0.683703491,-16.58666667,18.53952381,2.510793651,18.85857143,7238686.388,19.75768814,1319.049735,
Strigopidae,54.26666667,42.33333333,17.56666667,34,45.93333333,289.3,87.36666667,202,29.96666667,188.6,1007.7,14.4988,Forest,1.666666667,Herbivore,Omnivore,1,Insessorial,2.666666667,33.47549149,13.5392573,118264,-1.780120314,-46.78,-37.38333333,-42.26666667,171.0733333,44817.30333,8.389122855,2422.392115,
Cacatuidae,42.93333333,36.01904762,21.45714286,41.98095238,24.91904762,292.552381,110.647619,182.4333333,37.49047619,176.9095238,503.8904762,11.92217895,Forest,1.80952381,Herbivore,Granivore,1.095238095,Insessorial,2.410526316,44.47561719,13.94319601,3528208.5,-2.677050003,-26.3147619,-12.13333333,-19.0452381,135.2280952,1530851.379,20.82817079,1425.532817,
Psittacidae,29.37454545,24.65212121,14.58,25.62060606,17.34727273,173.2763636,65.22363636,107.8993939,38.23272727,126.0848485,230.9309091,6.495499368,Forest,1.472727273,Herbivore,Omnivore,1.060606061,Insessorial,3.526086957,21.99437074,6.263474869,2288977.632,-2.532531576,-10.15819876,5.113540373,-2.804161491,-61.08329193,1330822.346,22.42028523,1723.415791,
Psittaculidae,20.77359551,16.8008427,10.5741573,17.12752809,16.26910112,132.8879213,56.89325843,75.80870787,42.84297753,107.744382,100.6741573,3.332555061,Forest,1.382022472,Herbivore,Omnivore,1.039548023,Insessorial,3.446153846,17.0907359,4.683394304,1732783.719,-2.247466974,-13.68685714,-4.834057143,-9.336971429,116.5486286,502233.0299,22.15606498,2077.45739,
Acanthisittidae,12.95,7,3.15,2.75,20.6,47.5,7.15,39.05,15.35,18.4,12.25,0.37,Shrubland,1.5,Carnivore,Invertivore,1,Generalist,3.45,7.726740927,2.290905722,507466.5,-2.628247897,-46.675,-38.195,-43.12,170.75,81830.65,7.864411495,2434.489416,
Philepittidae,20.475,14.825,4.35,4.475,17.575,61.35,11.375,48.6,19.5,32.5,19.225,NA,Forest,1,Herbivore,Nectarivore,1,Insessorial,2.333333333,9.28744963,2.579231358,146875.6667,-2.11011913,-23.755,-13.275,-17.3325,47.9625,47538.9275,20.99516522,1580.942506,
Eurylaimidae,21.375,14.55,13.1375,9.6625,22.35,92.95,19.0375,73.75,20.75,70.5125,60.3,1.7882,Forest,1.125,Carnivore,Invertivore,1,Insessorial,3.1,9.355249114,3.313722765,563538,-2.11011913,-6.078571429,19.29,7.301428571,94.01428571,1453048.21,23.70823009,2256.42365,
Sapayoidae,16.8,10.3,7.7,5,14.5,80.2,15.2,65,19,61.5,20.8,0.645,Forest,1,Omnivore,Omnivore,1,Insessorial,NA,8.583799876,2.544603974,10423,-2.11011913,0.23,9.64,5.58,-77.39,103347.58,25.54160329,4133.595478,
Pittidae,27.17471264,17.40517241,7.258333333,9.336206897,41.97816092,107.4491379,15.74683908,91.2362069,14.76810345,45.59597701,92.6137931,1.8389,Forest,1.034482759,Carnivore,Invertivore,1.344827586,Terrestrial,3.288,9.844213864,3.567387832,295901.1429,-2.11011913,-1.0856,13.5448,6.0408,114.4216,609098.4496,24.14701054,2271.177937,
Calyptomenidae,16.78333333,10.48333333,9.05,6.883333333,20.38333333,96.41666667,16.03333333,79.63333333,16.31666667,57.2,64.38333333,0.92904,Forest,1.333333333,Carnivore,Invertivore,1,Insessorial,2.1,10.65793655,3.58979296,488054.5,-2.006493377,-8.545,9.545,0.173333333,66.50166667,1311490.022,23.76516673,2318.535316,
Thamnophilidae,18.35086207,10.76875,4.482112069,4.8625,22.29741379,63.33793103,6.832974138,57.12801724,10.85948276,52.72952586,20.67758621,0.866472727,Forest,1.125,Carnivore,Invertivore,1.00862069,Insessorial,2.011494253,8.372911,2.893185635,706607.1867,-2.021498011,-12.77570796,0.986504425,-5.871460177,-62.59637168,1393177.673,24.02004177,2138.650325,
Grallariidae,23.35660377,13.76792453,6.205660377,7.249056604,42.77735849,90.53773585,9.273584906,82.47735849,10.31320755,44.70943396,67.14339623,2.1238,Forest,1.075471698,Carnivore,Invertivore,1,Terrestrial,1.863636364,7.815800587,3.214475692,99637.41667,-2.524622143,-6.9868,3.283,-1.6838,-72.5808,303201.1784,18.84383998,1859.384834,
Rhinocryptidae,14.98070175,7.907017544,3.405263158,4.057894737,24.1122807,59.60877193,5.184210526,54.5877193,9.015789474,49.44035088,30.19298246,1.1914,Forest,1.298245614,Carnivore,Invertivore,1,Terrestrial,2.052631579,9.000884778,3.050133522,111339.6923,-2.524622143,-15.73872727,-7.786545455,-11.94509091,-69.09781818,147006.2509,15.92129819,1476.964234,
Formicariidae,22.15833333,12.8,5.691666667,6.066666667,34.78333333,90.04166667,12.78333333,76.925,14.20833333,61.175,70.94166667,1.42892,Forest,1,Carnivore,Invertivore,1,Terrestrial,2,8.561203601,3.273002701,257948.2,-2.524622143,-14.82666667,4.66,-6.385,-66.9,1527438.855,21.96848924,2161.398843,
Scleruridae,20.58823529,13.89411765,3.676470588,4.194117647,21.51176471,90.85294118,20.41764706,70.63529412,21.86470588,57.8,31.28235294,0.91168,Grassland,2.294117647,Carnivore,Invertivore,1.117647059,Terrestrial,2.384615385,8.517624307,2.984240415,465740.1176,-2.415837349,-27.07294118,-5.735294118,-16.57117647,-67.73235294,1617508.866,16.12132272,1071.216293,
Furnariidae,18.34140969,11.68017621,3.47092511,4.472246696,22.14801762,72.85947137,11.43259912,61.39867841,15.25859031,77.35330396,25.8339207,0.995855,Forest,1.744493392,Carnivore,Invertivore,1.039647577,Insessorial,2.824468085,8.50324076,2.814563057,615308.9771,-2.524622143,-20.47959459,-5.748603604,-13.38009009,-65.67306306,977617.1568,18.21960231,1402.518551,
Dendrocolaptidae,37.85490196,28.56078431,5.898039216,6.935294118,23.70784314,107.8235294,20.15294118,87.90392157,18.87058824,96.91176471,52.33921569,1.183342222,Forest,1.117647059,Carnivore,Invertivore,1,Insessorial,2.112903226,9.387101208,3.415137582,1071782.9,-2.349122978,-15.84019608,7.770392157,-4.363529412,-65.64666667,2999301.565,23.42989807,1926.313361,
Pipridae,12.00416667,6.795833333,3.991666667,3.91875,15.55,63.82291667,11.76666667,52.0875,18.65,40.31666667,14.36458333,0.63196,Forest,1.0625,Herbivore,Frugivore,1,Insessorial,2,8.61210646,2.63650115,847110.3191,-1.686055339,-11.47553191,3.34106383,-3.806595745,-63.90212766,1270856.841,23.99390008,2163.199262,
Cotingidae,23.10769231,12.86615385,7.561538462,7.496923077,25.38923077,130.1353846,24.98,105.1323077,19.46923077,91.95538462,109.0861538,2.789564444,Forest,1.169230769,Herbivore,Frugivore,1.061538462,Insessorial,1.538461538,12.63472598,4.056990049,414093.4462,-1.900016091,-11.78246154,2.304923077,-4.952307692,-66.90215385,966355.2129,21.29528866,2030.013983,
Tityridae,17.10294118,11.03529412,6.620588235,6.067647059,19.6,84.37941176,17.93529412,66.59705882,21.12058824,61.42352941,30.19705882,1.218336,Forest,1.294117647,Omnivore,Omnivore,1.352941176,Insessorial,2.733333333,9.293290371,2.858758922,929673.9063,-2.090821195,-14.14090909,10.86242424,-1.983030303,-67.02545455,3388231.307,23.96563376,1989.45657,
Onychorhynchidae,16.175,8.975,5.375,3.65,16.125,67.3,11.275,56.35,16.425,60.35,12.275,0.42476,Forest,1,Carnivore,Invertivore,1.25,Insessorial,2,7.460262012,2.241323841,428864.3333,-2.119341799,-20.6,11.18,-5.825,-66.285,2584053.925,22.44381119,1995.327299,
Oxyruncidae,17.9,11.3,5.5,5.6,20.7,92.2,24,67.2,26.3,64.3,42,NA,Forest,1,Herbivore,Frugivore,1,Insessorial,2,11.27815305,3.432165622,665586,-1.933578442,-27.06,11,-10.17,-53.72,1872045.95,23.08230237,1828.151812,
Pipritidae,11.5,6.766666667,4.333333333,4.8,16.76666667,67.33333333,16.96666667,50.3,25.16666667,49.5,15.66666667,0.98,Forest,1,Herbivore,Frugivore,1,Insessorial,NA,7.933625236,2.518861561,594941,-2.0750259,-15.92666667,1.71,-5.716666667,-65.83666667,2412713.203,22.62029417,2183.653135,
Platyrinchidae,12.81111111,6.677777778,6.6,3.577777778,14.67777778,57.52222222,12.12222222,45.31111111,20.75555556,31.21111111,10.24444444,0.46102,Forest,1,Carnivore,Invertivore,1,Insessorial,2,6.829473753,2.207771753,527153.875,-2.135148704,-15.92777778,4.534444444,-6.256666667,-62.27777778,2672591.817,23.22149891,1991.504679,
Tachurididae,16,7,2.4,2.3,18.4,50.5,9.1,41.4,18.1,41,7.8,0.415,Wetland,3,Carnivore,Invertivore,1,Insessorial,3.5,7.129818814,1.947445312,2839030,-2.174896532,-49.9,-4.64,-34.27,-65.57,2272551.5,14.7818772,807.4090599,
Pipromorphidae,13.1009901,7.699009901,4.279207921,3.279207921,16.75049505,52.98613861,7.510891089,45.47920792,13.9009901,44.94257426,9.786138614,0.49469,Forest,1.138613861,Carnivore,Invertivore,1,Insessorial,2.257142857,7.127019115,2.327253955,839631.42,-2.137671683,-14.12252525,1.331717172,-6.622424242,-63.73323232,1389289.375,22.65568192,1993.34042,
Tyrannidae,16.54575163,9.735620915,5.247712418,4.290196078,19.44084967,78.35522876,16.38104575,61.86176471,19.71339869,68.00555556,20.71568627,0.706067619,Forest,1.849673203,Carnivore,Invertivore,1.535947712,Insessorial,2.805555556,8.566879392,2.674680811,5853017.759,-1.955711271,-15.01345395,7.545328947,-3.965394737,-70.84993421,2262124.184,19.86511011,1499.185356,
Atrichornithidae,18.25,8.9,3,4.65,24,68.6,5.45,61.75,8.35,87.7,33.1,1.7612,Forest,1.5,Carnivore,Invertivore,1,Terrestrial,1.5,8.893344365,3.758479896,358.5,-1.841493969,-32.19,-28.03,-29.91,152.23,17310.26,16.55018061,1207.169476,
Menuridae,42.05,16.2,7.05,7.9,105.3,271.4,7,266.9,2.65,511.9,950.3,11.10592,Forest,1,Carnivore,Invertivore,1,Terrestrial,1,23.73583248,11.47034503,73198,-1.841493969,-33.775,-27.05,-30.635,151.315,175146.225,15.8401383,975.1038793,
Climacteridae,18.85714286,10.01428571,3.3,3.414285714,21.45714286,86.62857143,23.07142857,63.95714286,26.48571429,62.95714286,25.17142857,0.948976,Forest,1.857142857,Carnivore,Invertivore,1,Insessorial,2.366666667,12.1111208,4.517736386,796843.2857,-1.883746068,-31.91142857,-16.08857143,-25.18714286,138.8071429,1127405.814,18.72957426,983.059898,
Ptilonorhynchidae,29.25263158,15.43684211,7.926315789,9.763157895,39.42105263,139.8,24.54736842,115.6,17.51578947,101.6157895,146.6263158,3.589724652,Forest,1.263157895,Omnivore,Frugivore,1.052631579,Insessorial,1.564285714,16.54480235,6.569530596,573852.3636,-1.883746068,-16.94947368,-8.910526316,-12.90315789,142.1926316,341953.1321,21.32888708,2184.340878,
Maluridae,14.209375,7.415625,3.359375,3.68125,22.69375,54.821875,5.56875,49.053125,10.409375,73.290625,14.825,0.504014,Grassland,2.09375,Carnivore,Invertivore,1,Terrestrial,2.611111111,9.831108585,3.191404934,973923.9333,-1.69866796,-27.18692308,-17.46961538,-22.28115385,135.2969231,903700.8108,21.82433588,1129.271456,
Dasyornithidae,18.46666667,9.166666667,3.766666667,4.966666667,28.36666667,77.13333333,4.833333333,72.33333333,6.3,103.3666667,47.46666667,1.72494,Shrubland,2,Omnivore,Invertivore,1,Generalist,2,8.039980145,3.604839678,2229,-2.006493377,-37.15,-31.82,-34.63333333,137.2433333,9804.423333,15.41342572,886.9193089,
Meliphagidae,23.93813559,12.70112994,3.527118644,4.475423729,23.70508475,91.22316384,17.63050847,72.78531073,19.25536723,76.58276836,36.08079096,0.99293959,Forest,1.497175141,Herbivore,Omnivore,1.136363636,Insessorial,2.202173913,10.40581335,3.084342854,1365118.746,-2.090602788,-19.17747126,-9.733045977,-14.51672414,139.4771839,640702.6681,21.60103208,2021.602032,
Acanthizidae,12.65084746,6.93220339,2.722033898,3.03220339,19.59152542,55.71525424,8.103389831,46.8,14.79152542,42.66779661,10.36779661,0.593223704,Forest,1.525423729,Carnivore,Invertivore,1.050847458,Insessorial,2.721153846,11.29829411,3.227450083,1267480.731,-1.859890871,-28.28339286,-14.90785714,-21.74303571,134.1994643,1025650.053,19.34384367,1450.533635,
Pardalotidae,8.6,4.85,3.35,3.975,18.375,60.3,16.375,44.45,26.775,30.775,10.425,0.47656,Forest,2,Carnivore,Invertivore,1,Insessorial,3.65,6.799489482,2.120544278,3058969.25,-2.006493377,-40.78,-19.215,-31.18,139.84,2644507.975,18.29518622,594.4089136,
Orthonychidae,17.73333333,9.366666667,4.266666667,5.466666667,34.63333333,97.86666667,10.23333333,85.96666667,10.56666667,88.13333333,88.7,2.41388,Forest,1,Carnivore,Invertivore,1,Terrestrial,1.166666667,12.23714317,4.612644556,52592.66667,-2.42099639,-21.58666667,-13.68666667,-17.51,146.0066667,85124.63,18.6040058,2027.14666,
Pomatostomidae,28.7,18.58,4.22,6.28,29.38,92.78,9.62,81.94,10.52,95.86,57.22,1.97876,Forest,1.8,Carnivore,Invertivore,1.2,Generalist,3,10.48617422,3.917023557,2188697.8,-2.42099639,-31.01,-14.856,-22.642,139.54,2103818.442,22.04905557,930.558312,
Cinclosomatidae,22.6,12.29,4.57,5.26,31.15,93.67,16.31,76.84,17.16,94.6,64.81,1.515616,Forest,1.5,Carnivore,Invertivore,1.1,Terrestrial,2.166666667,7.235055271,3.026069675,89265,-2.568692182,-22.807,-11.679,-17.3,139.437,715873.632,21.65304296,1683.374926,
Campephagidae,23.18823529,13.51764706,7.687647059,7.291176471,22.82823529,118.11,32.66764706,85.31705882,27.26941176,95.11529412,56.26823529,1.934132308,Forest,1.435294118,Carnivore,Invertivore,1.082352941,Insessorial,1.9875,8.000505277,3.115679495,975690.8333,-2.369183513,-7.888658537,6.882804878,-0.058536585,105.7987805,1176387.277,23.34156084,2118.884741,
Rhipiduridae,14.77391304,7.27173913,4.441304348,3.65,19.02173913,76.89782609,14.08913043,62.95652174,18.18695652,82.06956522,14.07173913,0.500733333,Forest,1.347826087,Carnivore,Invertivore,1,Insessorial,2.1,9.00022026,2.562273386,1316372.912,-2.26555776,-10.58108696,-0.084565217,-5.767173913,126.495,651259.1878,23.70094437,2564.308633,
Dicruridae,29.10454545,18.25454545,9.05,9.531818182,21.92727273,135.0772727,33.82272727,100.9863636,25.05,137.7227273,56.05454545,1.975306667,Forest,1.409090909,Carnivore,Invertivore,1.090909091,Insessorial,3,7.383561799,3.049549595,3200944.824,-2.317370637,-9.517142857,15.49809524,5.410952381,79.10857143,3214315.374,23.66734607,1774.701452,
Monarchidae,18.49892473,10.47526882,5.768817204,4.734408602,19.94193548,81.65913978,14.52473118,67.2483871,17.53978495,74.54946237,20.37741935,0.786141176,Forest,1.387096774,Carnivore,Invertivore,1.139784946,Insessorial,2.282608696,9.094894528,2.948339695,829299.3387,-2.513920317,-10.54744444,-0.536666667,-5.436555556,95.25066667,813469.3469,23.45410272,2289.852465,
Corcoracidae,37.2,23.45,8.45,11.65,50.25,195.75,40.05,158.45,19.45,178.4,248,4.23724,Woodland,2,Omnivore,Omnivore,1,Terrestrial,3.45,13.18229866,4.319380898,4281222.5,-2.513920317,-38.12,-16.18,-28.105,145.285,2240113.505,19.49835686,587.3071584,
Ifritidae,16.3,10,4.1,4.7,26.8,79.8,9.8,70.4,12.2,54.2,32.1,1.295,Forest,1,Carnivore,Invertivore,1,Insessorial,1,9.604940719,3.841338395,109581,-2.317370637,-10.1,-3.33,-5.87,143.26,91932.48,15.98454062,3126.360796,
Paradisaeidae,41.75365854,27.86097561,7.77804878,9.448780488,41.97317073,160.3170732,19.00243902,141.7292683,11.82195122,172.3487805,170.1536585,3.278364444,Forest,1,Omnivore,Frugivore,1.073170732,Insessorial,1.466666667,14.31711503,4.913413619,133109.5294,-2.513920317,-8.262820513,-3.157948718,-5.625384615,141.0341026,106299.8682,21.9800421,2864.609704,
Laniidae,20.74117647,11.88529412,6.605882353,8.558823529,26.81470588,100.1764706,24.26470588,75.85588235,24.12941176,106.7058824,46.03823529,1.30536,Shrubland,2.529411765,Carnivore,Invertivore,1.941176471,Insessorial,4.503333333,7.799434869,2.28897554,4810122.742,-2.317370637,10.5234375,33.4059375,23.44625,52.6440625,4142120.968,17.71392478,914.9827469,
Corvidae,43.31190476,27.87777778,12.29603175,14.92698413,46.24920635,210.0626984,56.42936508,153.5809524,23.00793651,170.7071429,253.6349206,6.31412395,Forest,1.746031746,Omnivore,Omnivore,1.158730159,Insessorial,3.927272727,15.33057824,5.170929128,9179673.528,-2.49182131,6.590084746,24.26144068,16.12779661,18.80449153,3416267.513,18.16727681,1415.945142,
Mohouidae,12.5,7.15,3.15,4.4,27.05,70.45,13.85,56.65,19.75,68.3,19.9,NA,Forest,1,Omnivore,Invertivore,1,Insessorial,3,12.6562566,3.831176746,354783.5,-2.568692182,-47.29,-40.5,-43.68,170.49,76987.83,8.743342719,2186.043846,
Machaerirhynchidae,15.8,7.85,7.95,3.25,15.9,59.05,10.9,47.65,18.6,54.2,11.15,0.59,Forest,1,Carnivore,Invertivore,1,Insessorial,2,10.60446748,2.796132393,292437,-2.568692182,-15.09,-0.2,-5.67,141.46,466342.595,22.12644537,2993.275135,
Artamidae,36.03333333,23.72916667,9.725,11.88333333,29.3375,157.5833333,54.83333333,103.925,35.52916667,100.3791667,111.9,3.104015385,Woodland,1.75,Carnivore,Invertivore,1.083333333,Aerial,2.944444444,12.82559367,4.073230191,3893854.455,-2.221335805,-26.04125,-6.685,-16.63416667,137.86125,2970268.964,22.16296483,1533.050482,
Rhagologidae,17.2,9.6,4.2,5.5,20,87.8,19.5,68.2,22.2,64.5,26.8,1.07744,Forest,1,Herbivore,Frugivore,1,Insessorial,1,9.829623659,2.999473756,127470,-2.568692182,-10.26,-0.48,-5.04,141.21,150755.69,17.99141087,3120.663053,
Malaconotidae,24.61956522,13.46956522,6.22173913,8.039130435,29.91304348,90.13478261,8.732608696,81.36521739,9.643478261,84.69347826,46.24130435,1.50997,Forest,1.652173913,Carnivore,Invertivore,1,Insessorial,2.291666667,9.236762435,3.310256701,835860.9487,-2.568692182,-14.14288889,6.179555556,-3.284,22.82111111,2219515.36,22.82187656,1186.350362,
Platysteiridae,15.32068966,7.737931034,5.172413793,3.717241379,17.9862069,58.12068966,6.848275862,51.2862069,11.66551724,37.80689655,12.00517241,0.76146,Forest,1.551724138,Carnivore,Invertivore,1,Insessorial,2.052631579,7.822854294,3.203911918,705195.8421,-2.568692182,-12.36428571,2.8825,-4.221428571,22.62107143,1374859.958,22.84733372,1259.110319,
Vangidae,23.01388889,14.30555556,5.916666667,7.047222222,21.15555556,95.77222222,15.46111111,80.31666667,15.51666667,70.72222222,36.07777778,0.998013333,Forest,1.361111111,Carnivore,Invertivore,1.027777778,Insessorial,2.575,8.66043994,3.191162936,582632.6129,-2.568692182,-19.45314286,-3.624571429,-11.29857143,51.41285714,1332949.959,23.11042286,1555.484273,
Neosittidae,13.26666667,8.566666667,2.833333333,3.466666667,16.5,79.9,22.96666667,56.2,29,38.5,13.4,0.63196,Forest,1.666666667,Carnivore,Invertivore,1,Insessorial,2.9,7.217551142,2.49601914,121773,-2.317370637,-19.63666667,-4.74,-12.30333333,139.9133333,1645157.163,17.15120009,2304.954727,
Eulacestomatidae,15.2,7.3,3.9,8.4,19,69.4,9.2,60.2,13.2,51.8,20,0.91,Forest,1,Carnivore,Invertivore,1,Insessorial,NA,7.914669857,2.76340399,101574,-2.568692182,-9.77,-3.33,-5.37,141.64,88726.7,15.94015098,3162.248172,
Oreoicidae,22,12.3,5.5,8.233333333,31.4,100.2666667,17.93333333,81.46666667,18,76.1,60.76666667,1.67156,Forest,1.333333333,Carnivore,Invertivore,1,Terrestrial,2.25,10.22538304,3.717864695,1272528.333,-2.568692182,-19.2,-5.336666667,-12.03333333,137.92,1753859.117,20.69991851,2170.976214,
Falcunculidae,19.7,10.2,5.4,10.5,20.9,89.8,19.5,72.6,21.1,78.1,27.9,1.28464,Woodland,1,Carnivore,Invertivore,1,Insessorial,2.533333333,13.7924425,2.942070366,NA,-2.568692182,-30.41,-20.43333333,-27.11666667,131.55,367980.2,19.54913509,756.1421771,
Pachycephalidae,19.33469388,10.64897959,5.230612245,5.985714286,24.46122449,91.29387755,16.00408163,75.49183673,17.48163265,70.56734694,33.01020408,1.387549333,Forest,1.408163265,Carnivore,Invertivore,1.183673469,Insessorial,2.103571429,10.90453112,4.396543974,530770.85,-2.317370637,-12.79586957,-3.806956522,-8.153913043,121.8563043,498705.3565,22.85553536,2335.587842,
Oriolidae,29.18484848,18.32121212,8.527272727,8.836363636,25.00606061,131.969697,33.45757576,98.68787879,25.02727273,93.33333333,76.02424242,1.912413333,Forest,1.363636364,Herbivore,Omnivore,1.303030303,Insessorial,2.40625,11.02474978,3.2680458,1895190.065,-1.927386114,-5.6296875,11.1371875,3.5728125,93.905,1586490.185,22.9260822,1806.511368,
Paramythiidae,15.15,7.55,3.8,4.4,24.1,85.5,18,67.7,20.75,70.9,30.75,0.70448,Forest,1,Herbivore,Frugivore,1,Insessorial,1,9.618952536,2.652343514,174256,-1.676494561,-9.97,-1.935,-5.235,141.76,61017.18,20.21933901,3237.536463,
Vireonidae,15.34516129,8.283870968,4.227419355,4.567741935,20.02580645,64.54032258,11.07419355,53.55,16.65645161,49.94677419,16.31612903,1.088712,Forest,1.35483871,Carnivore,Invertivore,1.419354839,Insessorial,3.047222222,9.415760839,2.602953941,3878567.169,-2.298488481,4.693103448,23.19793103,14.77465517,-61.35982759,1902328.933,20.77342802,1652.343914,
Cnemophilidae,23.5,10.7,5.866666667,5.7,36.56666667,100.9666667,7.533333333,93.46666667,7.533333333,75.9,83.06666667,2.2274,Forest,1,Herbivore,Frugivore,1,Insessorial,1,12.04315352,3.76796604,58641.5,-2.152371229,-9.946666667,-3.156666667,-5.57,142.4633333,113728.2867,20.07387443,3174.460767,
Melanocharitidae,17.5,10.62,3.63,3.86,17.41,62.86,11.11,51.62,17.44,45.34,12.8,0.55364,Forest,1.2,Omnivore,Frugivore,1,Insessorial,1.166666667,8.559821196,2.646055376,127647.8,-2.152371229,-10.206,-1.249,-5.465,142.12,271798.008,22.51741392,3198.216743,
Callaeidae,35.45,20.25,7.75,10.75,55.45,132.5,14.65,117.85,10.95,132.75,150.05,NA,Forest,1,Carnivore,Invertivore,1,Generalist,2.5,23,4.250863389,6098,-2.338496686,-44.055,-35.495,-38.44,174.94,2252.89,12.40693573,1684.525435,
Notiomystidae,20.1,9,3.5,3.9,27.6,104.3,25.8,76.4,25.2,78,93.4,NA,Forest,1,Omnivore,Omnivore,1,Insessorial,4,13.21921898,3.268463987,12,-2.152371229,-41.32,-36.17,-39.19,175,100.83,13.7,1672.444444,
Petroicidae,15.57142857,8.716326531,4.151020408,4.165306122,22.87755102,82.79387755,17.95510204,65.11632653,21.75510204,61.14081633,22.04897959,0.7643608,Forest,1.448979592,Carnivore,Invertivore,1.224489796,Insessorial,2.138888889,9.937676986,3.131563668,558086.8205,-2.42099639,-22.82744681,-11.9687234,-17.53042553,135.7623404,489835.754,18.98616952,2117.362452,
Eupetidae,31.625,16.5,5.25,7.45,49.725,124.975,7.4,117.125,6.375,132.775,135,3.625,Forest,1.5,Carnivore,Invertivore,1,Terrestrial,2,12.09413137,4.592759607,65854.5,-2.359622735,-1.33,8.613333333,3.186666667,37.72333333,624426.84,25.38744268,2230.410873,
Remizidae,9.61,7.09,2.88,3.64,13.06,52.55,9.16,43.44,17.26,36.73,7.4,0.45584,Shrubland,2.3,Omnivore,Invertivore,1.6,Insessorial,4.4625,6.717294975,2.000969586,1672636.444,-1.945119722,1.965555556,21.05,12.86555556,14.56,2348332.952,21.32362524,740.8279181,
Paridae,11.4059322,7.894915254,3.772881356,4.377118644,17.40508475,70.79915254,12.44745763,58.28389831,17.62457627,56.18644068,15.07542373,0.829181769,Forest,1.627118644,Carnivore,Invertivore,1.06779661,Insessorial,5.695918367,9.46556896,2.431172519,7277506.218,-2.026677028,13.49385965,33.56859649,24.67666667,34.26473684,3212969.35,13.32726423,964.4922045,
Alaudidae,15.96451613,10.35376344,4.6,5.596774194,22.56989247,90.09892473,22.4311828,67.61612903,24.19784946,57.79139785,30.03655914,0.93372,Grassland,2.741935484,Omnivore,Omnivore,1.47311828,Terrestrial,2.929268293,9.367225911,2.838188975,11875414.51,-1.084620138,-3.993214286,16.62952381,7.055238095,41.26440476,3486961.174,19.63171224,569.3170756,
Panuridae,9.2,5.8,3.3,3.5,19.5,60,13.3,46.8,22.1,82.4,13.8,0.572,Wetland,3,Omnivore,Invertivore,2,Insessorial,5.9,7.196907179,2.142517011,6027889,-1.036376151,32.86,65.29,44.98,78.52,11689099.28,5.007144696,292.9291733,
Nicatoridae,21.4,11.66666667,4,6.133333333,25.96666667,94.73333333,12.2,83.2,12.63333333,95.73333333,38.43333333,1.32608,Forest,1,Carnivore,Invertivore,1,Insessorial,1.933333333,9.459958211,3.517741336,1192881.667,-1.036376151,-16.64,7.44,-5.126666667,22.12666667,2125499.19,24.17215127,1391.535966,
Macrosphenidae,15.47777778,8.822222222,2.911111111,3.366666667,19.94444444,58.19444444,4.605555556,53.54444444,7.916666667,44.94444444,14.49444444,NA,Forest,1.833333333,Carnivore,Invertivore,1,Insessorial,2.083333333,7.79698763,2.889733334,781615,-2.095909368,-15.01666667,2.343888889,-6.172222222,22.67222222,1915857.103,22.84071161,1072.648991,
Cisticolidae,13.5676259,7.701438849,2.669784173,2.909352518,19.44244604,52.05611511,5.518705036,46.29496403,10.64532374,50.6647482,10.45251799,0.4921,Forest,1.863309353,Carnivore,Invertivore,1.02173913,Insessorial,2.929411765,7.424694212,2.366104513,1492355.35,-2.623959935,-11.49097744,7.623609023,-1.329473684,41.48706767,1912816.009,22.62698941,1271.230797,
Acrocephalidae,19.13207547,10.84716981,3.883018868,3.643396226,24.14716981,70.78867925,13.81320755,56.88490566,19.33207547,65.17358491,18.47924528,0.663728,Wetland,2.283018868,Carnivore,Invertivore,1.943396226,Insessorial,3.553846154,9.764955243,2.79752081,4617909.629,-2.144384744,5.072692308,22.63365385,14.96096154,17.19096154,2381569.373,17.74333112,1073.932993,
Locustellidae,15.82222222,8.784210526,3.088888889,3.614035088,23.2245614,64.33918129,9.876023392,54.3877193,15.18011696,68.57836257,21.36140351,0.82062,Shrubland,2.140350877,Carnivore,Invertivore,1.614035088,Generalist,3.214285714,7.635072649,2.447612257,1458384.78,-1.990860564,1.098,16.65781818,8.991636364,94.54381818,1465279.485,17.25377532,1499.216353,
Bernieridae,15.81818182,8.836363636,2.827272727,3.472727273,20.54545455,64.04545455,7.381818182,56.51818182,11.52727273,60.21818182,16.10909091,NA,Forest,1.090909091,Carnivore,Invertivore,1,Insessorial,2.75,7.820973051,2.553190926,242643.9,-2.154066428,-24.41363636,-14.60727273,-19.08636364,47.59727273,132585.2682,21.37064181,1537.346032,
Donacobiidae,26.1,14.9,4.6,5.3,31.7,81.1,7.7,72.5,9.6,98.5,36.8,1.1914,Wetland,3,Carnivore,Invertivore,1,Insessorial,2.4,9.195224098,3.292099882,4429895,-1.996932599,-28.73,12.46,-5.58,-60.43,8620634.56,24.93561497,1922.108577,
Hirundinidae,11.04761905,5.422619048,3.875,2.85952381,11.67738095,110.0190476,56.96666667,53.05,51.61071429,61.80952381,19.32619048,0.534397143,Grassland,2.595238095,Carnivore,Invertivore,1.963855422,Aerial,3.527777778,8.703530417,2.4411714,25587217.89,-2.266482943,-11.96775,17.05125,3.76425,-4.473625,5604220.981,20.55416115,1165.050888,
Phylloscopidae,11.66558442,6.266233766,2.674675325,2.538961039,17.98571429,56.88831169,10.16038961,46.57142857,17.65844156,44.50909091,7.985714286,0.3488,Forest,1.415584416,Carnivore,Invertivore,2.103896104,Insessorial,4.25,7.571359599,1.9781084,5306746.493,-2.014446811,20.02428571,36.08828571,29.04542857,89.07885714,1987750.83,16.57451058,1367.815947,
Scotocercidae,13.46756757,7.186486486,2.951351351,2.905405405,20.60810811,52.92432432,6.52972973,46.17837838,12.27297297,42.82432432,9.886486486,NA,Forest,1.27027027,Carnivore,Invertivore,1.27027027,Generalist,3.236363636,7.299075926,2.178945633,1034394.516,-2.213744884,5.528333333,20.5725,14.29861111,96.03972222,1275797.083,18.72136179,1755.056169,
Aegithalidae,8.12,4.79,2.39,2.94,16.52,52.82,8.89,43.84,16.7,55.19,6.72,0.41148,Forest,1.8,Carnivore,Invertivore,1.1,Insessorial,5.9875,8.889454135,2.221322294,4757707.778,-2.524622143,20.474,38.037,30.414,72.015,2859182.89,9.934917067,1045.267196,
Pycnonotidae,19.43773626,11.11934066,4.476923077,5.203362637,20.02740659,90.55725275,13.92424176,76.55393407,15.14661538,83.96391209,35.46692308,1.18346,Forest,1.353846154,Herbivore,Frugivore,1.1,Insessorial,2.317045455,10.39948451,3.045041473,2382323.75,-2.306293735,-3.71272,12.34456,4.61384,64.36096,1399456.15,23.34153544,1842.508212,
Sylviidae,12.90483871,7.135483871,3.527419355,4.974193548,21.78387097,64.89677419,9.727419355,55.05,14.99516129,68.42903226,16.28548387,0.666755238,Shrubland,1.838709677,Carnivore,Invertivore,1.532258065,Insessorial,3.578431373,9.176829841,2.43922456,2343402.98,-2.156857092,19.0345614,34.4877193,27.55807018,59.86912281,1828812.912,16.14922278,832.0526243,
Zosteropidae,14.54666667,8.120416667,3.088333333,3.455416667,18.26666667,61.20541667,10.82375,50.375,17.72125,46.16458333,13.75833333,0.589126667,Forest,1.333333333,Omnivore,Omnivore,1.016666667,Insessorial,2.722857143,8.303227835,2.260829528,1217060.872,-2.078650882,-3.715423729,2.060508475,-0.579067797,112.775678,295326.0864,22.94909277,2448.277798,
Pellorneidae,18.01358025,10.3095679,3.693209877,4.524074074,25.83580247,72.33549383,6.482407407,65.39074074,9.06882716,58.47067901,26.6,1.23284,Forest,1.277777778,Carnivore,Invertivore,1,Terrestrial,2.725,7.795500363,2.83557568,335297.2174,-1.911586806,1.009038462,15.47134615,8.795,92.075,656596.2404,23.6696016,2220.334533,
Leiothrichidae,22.65,12.992,4.7976,6.2896,33.2748,98.5068,9.0684,89.306,9.3488,108.3408,62.962,1.432845,Forest,1.488,Carnivore,Invertivore,1.04,Insessorial,3.028409091,9.542524843,3.462121768,921366.0412,-1.84898809,11.08452174,22.1106087,17.18026087,84.20678261,723350.1877,18.97991107,1622.282301,
Bombycillidae,15.46666667,7.066666667,4.733333333,5.466666667,18.23333333,106.2666667,40.46666667,65.83333333,38,59.86666667,42.76666667,1.20176,Forest,1.333333333,Herbivore,Frugivore,2.666666667,Insessorial,5,11.82790236,2.586203935,30782121,-2.26555776,43.27,62.24333333,53.82666667,19.81,7033163.817,4.084528779,709.7554869,
Ptiliogonatidae,15.125,7.35,4.45,4.45,20.35,95.275,18.9,78.1,19.6,100.725,36.975,0.81844,Forest,1.25,Omnivore,Frugivore,1,Insessorial,2.125,10.76018205,3.294655192,968972,-1.737868216,12.36333333,20.59666667,16.19666667,-92.05333333,422155.49,16.7313417,2106.478948,
Regulidae,10.45,5.9,2.3,2.216666667,17.16666667,54.61666667,11.91666667,42.51666667,21.9,39.88333333,5.533333333,0.352778095,Forest,1.333333333,Carnivore,Invertivore,2.5,Insessorial,8.575,6.854993324,1.833203098,75173019.17,-2.178277667,26.09833333,52.76166667,43.16666667,-6.75,5255819.98,9.47337231,1058.885544,
Sittidae,19.12857143,12.76071429,3.778571429,3.789285714,18.10714286,80.11071429,19.05357143,60.775,23.55,45.70357143,17.32142857,0.799102222,Forest,1.178571429,Carnivore,Invertivore,1.107142857,Insessorial,5.192,8.985121404,2.544719697,3391960.75,-2.249520373,20.48785714,37.92214286,30.34857143,54.27142857,2491344.839,13.39416313,1162.120816,
Polioptilidae,13.70666667,8.626666667,2.746666667,2.506666667,17.50666667,47.74,6.046666667,41.3,12.74666667,46.36666667,6.893333333,0.41958,Forest,1.8,Carnivore,Invertivore,1.133333333,Insessorial,3.125,6.308671212,1.953638403,37927327.27,-2.317370637,-2.403076923,18.30769231,8.384615385,-80.51384615,2546471.332,22.5469754,1615.31685,
Troglodytidae,19.54268293,12.23292683,3.404878049,4.040243902,22.32073171,61.74390244,7.318292683,54.46463415,11.87317073,51.30853659,20.24512195,0.748118572,Forest,1.646341463,Carnivore,Invertivore,1.109756098,Insessorial,3.552083333,8.017430428,2.492315707,5216340.551,-1.943808004,-0.112682927,16.1847561,8.604512195,-79.27841463,1552054.48,20.50780406,1790.649987,
Certhiidae,18.04444444,11.2,2.255555556,2.622222222,15.54444444,65.87777778,12.28888889,53.33333333,18.73333333,66.96666667,9.333333333,0.40404,Forest,1,Carnivore,Invertivore,1,Insessorial,5.115,6.610387701,1.889188035,2277742.222,-2.02188296,23.52222222,43.62666667,35.05666667,60.36555556,3027698.284,10.34202882,1067.270103,
Timaliidae,19.43043478,12.38913043,3.343478261,4.704347826,23.07608696,66.30652174,5.782608696,60.45,8.736956522,60.73913043,22.42608696,1.12924,Forest,1.130434783,Carnivore,Invertivore,1,Insessorial,3.320512821,7.382398455,2.521471471,478864.2857,-1.911994216,7.87195122,20.98853659,15.52439024,101.5890244,639830.2471,21.29989025,2187.595029,
Buphagidae,18.85,11.95,6.55,7.6,21.25,118.45,35,84.6,29.2,96.7,54.6,1.25,Woodland,3,Carnivore,Invertivore,1.5,Insessorial,2.75,9.566880506,3.423784616,2755905,-1.261991548,-30.965,18.145,1.775,23.655,3276881.55,24.36029974,736.9159743,
Mimidae,28.44117647,18.02058824,5.152941176,5.935294118,33.37058824,105.7352941,19.39411765,86.07647059,18.22647059,109.8852941,61.71176471,1.821591111,Shrubland,2.029411765,Omnivore,Invertivore,1.352941176,Generalist,3.082142857,11.79743276,3.096708647,7273407.419,-1.342641434,5.799705882,19.34970588,13.10088235,-87.06764706,1322499.514,19.58460273,957.5633615,
Sturnidae,24.82181818,14.24818182,5.789090909,6.961818182,29.58909091,122.7190909,32.22636364,90.30454545,26.47090909,94.14,88.60909091,2.239784615,Forest,1.9,Herbivore,Frugivore,1.290909091,Insessorial,3.447945205,12.07299931,3.543320417,19104769.2,-2.341012605,-3.558807339,10.70275229,4.047981651,74.8106422,1387899.882,23.03591699,1723.544972,
Cinclidae,20.8,10.86,3.38,4.48,28.88,88.32,21.76,65.88,24.58,52.56,55.16,1.410914286,Riverine,3,Carnivore,Aquatic predator,1,Generalist,3.34,9.698009414,2.529522693,1091147.6,-1.737868216,0.92,39.294,22.004,-18.958,4713761.584,7.815889389,778.4392462,
Turdidae,22.96826923,13.01666667,5.09775641,6.003525641,30.95,115.4323718,29.35737179,86.10512821,25.07788462,89.44807692,69.31891026,1.602932632,Forest,1.416666667,Omnivore,Invertivore,1.561290323,Generalist,2.951282051,11.21880294,3.369191871,14054142.75,-1.935105925,4.899133333,22.87673333,14.5544,7.3904,1795879.058,17.17105415,1526.365462,
Muscicapidae,16.47425743,9.464851485,4.048844884,4.094389439,23.2330033,81.39438944,15.97161716,65.29653465,19.46056106,64.17244224,24.28910891,0.780630833,Forest,1.665016502,Carnivore,Invertivore,1.496688742,Insessorial,3.224,8.518227263,2.700388181,2145188.196,-1.992260991,2.439383562,20.20424658,12.27078767,68.21530822,2128200.495,19.36638036,1367.274173,
Promeropidae,24.7,14.06,3.46,3.88,26.68,85.84,13.24,72.54,15.14,128.98,33.84,1.174,Forest,1.4,Omnivore,Invertivore,1.4,Terrestrial,1.9,10.27406023,3.781906844,180612.25,-1.624681684,-19.942,-9.784,-15.282,29.244,87204.466,18.59820518,1087.916109,
Dicaeidae,11.04,6.757777778,3.206666667,3.488888889,13.13555556,52.57777778,10.28222222,42.17333333,19.47333333,27.41111111,8.355555556,0.438573333,Forest,1.222222222,Herbivore,Frugivore,1.022222222,Insessorial,2.34375,6.153668032,2.142671181,800373.3421,-2.317370637,-2.869767442,10.38813953,4.014651163,118.7237209,967898.6423,24.35869735,2386.2989,
Nectariniidae,22.93602941,16.92867647,3.543382353,3.228676471,16.09264706,59.19632353,9.730147059,49.13676471,16.34558824,45.55661765,10.63455882,0.47952,Forest,1.632352941,Omnivore,Nectarivore,1.044117647,Insessorial,1.918095238,8.764345099,2.672737062,1308381.034,-2.278204998,-8.418244275,7.851450382,-0.094885496,54.2351145,1313633.263,22.88818748,1621.918534,
Irenidae,22.38461538,14.26923077,4.938461538,6.1,18.85384615,93.96153846,17.51538462,76.16153846,18.24615385,72.73846154,36.23846154,1.085586667,Forest,1,Omnivore,Omnivore,1.153846154,Insessorial,2.475,10.77853681,3.172854884,898100.2,-2.161932007,-0.850769231,17.70846154,9.29,105.9307692,1266565.997,24.32859663,2273.887285,
Peucedramidae,14.3,8.2,3.1,2.9,18.6,71,19.3,50.7,27.6,52.8,11,NA,Forest,1,Carnivore,Invertivore,2,Insessorial,3.6,7.322026189,2.208186825,596362,-1.75471387,12.67,34.4,23.77,-102.36,692877.18,18.36510738,848.8064961,
Urocynchramidae,12.7,7.3,3.9,4.6,22,73.5,10.8,62.6,14.8,78.2,28.6,NA,Shrubland,2,Herbivore,Granivore,1,Generalist,3,10.04792746,2.333337085,246128,-1.624681684,28.83,38.92,33.82,100.08,627499.68,0.088995799,543.0246083,
Ploceidae,17.95043478,11.4773913,6.05826087,7.843478261,21.10086957,77.62608696,14.00956522,63.29478261,18.03391304,55.3573913,28.53565217,1.267373333,Forest,2.095652174,Herbivore,Granivore,1.034782609,Insessorial,2.894117647,9.088844023,2.897258103,2859213.969,-1.792902418,-12.48245614,6.009385965,-2.392631579,28.8627193,1370752.539,23.14830759,1224.48928,
Viduidae,10.63,6.36,4.345,6.07,14.715,68.49,15.27,53.1,22.32,45.73,14.91,0.66304,Shrubland,2.95,Herbivore,Granivore,1.05,Terrestrial,3.261538462,8.44292419,2.046608171,1428814.688,-2.939125157,-12.4025,9.9445,-1.0845,20.403,2255167.855,23.70433222,1028.565998,
Estrildidae,11.47366412,8.145801527,5.630152672,6.633969466,15.1870229,53.92671756,9.791603053,44.04732824,18.03396947,43.19694656,12.39885496,0.512583077,Shrubland,2.29389313,Herbivore,Granivore,1.06870229,Terrestrial,4.52826087,7.661693116,2.034418002,2815771.456,-2.880205815,-13.53603306,4.364297521,-4.154876033,69.43247934,1490824.586,23.06754402,1508.198331,
Prunellidae,13.56666667,7.683333333,3.733333333,3.808333333,20.66666667,76.10833333,17.25833333,58.76666667,22.325,62.725,21.525,0.80808,Shrubland,2.25,Omnivore,Invertivore,2.083333333,Terrestrial,4.1,11.32850513,2.483018221,2484912,-1.75471387,30.6175,52.81083333,43.17083333,89.00666667,2848340.358,4.100285848,544.0254777,
Passeridae,13.36315789,9.310526316,6.207894737,7.418421053,18.29473684,79.81315789,21.30526316,58.12894737,25.88157895,56.29210526,23.95,0.998598367,Shrubland,2.631578947,Herbivore,Granivore,1.263157895,Terrestrial,4.25625,10.65786393,2.513483931,59693887.3,-2.118874056,11.45969697,31.10848485,22.05545455,58.01878788,4011236.784,14.61666599,538.9708367,
Motacillidae,16.31692308,9.630769231,3.473846154,3.946153846,24.71846154,83.28615385,19.40153846,63.92153846,23.16307692,67.94769231,25.45538462,0.664754286,Grassland,2.830769231,Carnivore,Invertivore,1.6,Terrestrial,3.618181818,7.735839903,2.436825897,15381603.16,-1.465170494,-4.546031746,22.47793651,10.17412698,37.31920635,4768035.461,15.78069997,1012.347613,
Fringillidae,13.8539604,9.308910891,5.99950495,7.471287129,17.28019802,76.52376238,20.12871287,56.23663366,25.93514851,53.95445545,21.85792079,0.930947923,Forest,1.881188119,Herbivore,Granivore,1.282178218,Insessorial,3.811111111,9.900896641,2.493009438,7313443.787,-1.813738526,8.280157068,24.89837696,16.93879581,-0.306544503,2287272.251,15.16741594,1170.721476,
Rhodinocichlidae,23.1,13.7,4.4,5.8,26.2,81.2,7.2,71.5,9.1,78.8,48,1.3986,Shrubland,1,Herbivore,Omnivore,1,Insessorial,2,10.79690914,3.664406321,593434,-1.634242462,4.27,23.43,13.47,-85.96,163331.81,23.87551945,1775.367701,
Plectrophenacidae,12.91666667,8.5,4.933333333,6.3,20.31666667,95.43333333,29.65,65.7,30.58333333,65.13333333,32.86666667,0.97902,Grassland,3,Herbivore,Granivore,3,Terrestrial,4.566666667,8.55659143,2.570595106,46129017.83,-1.73201521,48.805,67.29666667,60.27666667,-90.49166667,2926333.322,1.295918695,458.1292656,
Cardinalidae,17.22291667,11.51666667,7.352083333,9.402083333,20.97916667,84.54791667,16.25208333,68.39791667,18.82708333,71.09791667,31.60416667,1.205213333,Forest,1.5625,Herbivore,Invertivore,1.541666667,Insessorial,2.911538462,9.987728868,2.852166059,10631594.8,-1.644201775,4.956304348,23.79130435,14.65913043,-84.68695652,1726385.316,20.57016457,1616.896687,
Thraupidae,14.96415094,9.176280323,5.131536388,6.523180593,19.98975741,73.52938005,13.94878706,59.44312668,18.88490566,59.15795148,23.30700809,0.897623125,Forest,1.776280323,Herbivore,Invertivore,1.161725067,Insessorial,2.507407407,9.060052154,2.737897207,1504426.606,-1.634039267,-15.85463014,1.155917808,-7.661232877,-67.79076712,1288133.49,19.89717358,1625.483008,
Passerellidae,15.36850394,9.334645669,5.163779528,6.833070866,24.08740157,72.57480315,10.06456693,62.63070866,13.88188976,70.27874016,28.23543307,1.013134118,Forest,1.811023622,Omnivore,Omnivore,1.472440945,Generalist,3.353164557,9.233352617,2.679261072,17120563.6,-1.676746429,7.889206349,22.9215873,15.99865079,-87.09174603,1530384.05,16.44146111,1286.661577,
Emberizidae,13.14146341,7.873170732,4.256097561,5.55,19.12926829,78.49634146,17.45487805,60.8804878,22.09756098,65.12682927,20.48536585,0.815282857,Shrubland,2.341463415,Omnivore,Granivore,2.341463415,Terrestrial,4.024324324,8.363766087,2.211182897,5003141.459,-1.627090144,22.0004878,46.10243902,35.41439024,76.39121951,4644471.143,10.56013503,690.196923,
Parulidae,13.48055556,8.031481481,3.547222222,3.635185185,19.46759259,62.68888889,12.63055556,50.01296296,19.9212963,53.69351852,11.43148148,0.505138,Forest,1.305555556,Carnivore,Invertivore,1.898148148,Insessorial,3.629113924,8.195901249,2.308574719,15272298.16,-1.804356135,14.81952381,31.94819048,23.97447619,-85.1052381,1825166.26,16.73120913,1396.847017,
Icteridae,28.875,18.93846154,6.425,9.035576923,30.22596154,119.2961538,26.46634615,92.00769231,21.78461538,100.2221154,77.64134615,2.164793043,Forest,1.913461538,Omnivore,Omnivore,1.355769231,Insessorial,3.216455696,11.45605423,3.42058667,14944236.48,-1.895453758,-3.577128713,16.8,6.956138614,-76.52871287,2478275.39,21.05488659,1519.39477,