Family,dn,ds,dnds,ran,PC1.dn,PC2.dn,PC3.dn,PC4.dn,PC1.ds,PC2.ds,PC3.ds,PC4.ds,PC1.dnds,PC2.dnds,PC3.dnds,PC4.dnds,PC1.ran,PC2.ran,PC3.ran,PC4.ran
Struthionidae,-9.356885544,-6.829403972,-6.807136834,-6.959547613,-0.048894262,0.07538792,-0.005438943,0.043749361,0.039341685,-0.043831309,0.02505417,0.00551796,-0.049406558,-0.075388106,0.003855597,-0.010375807,-0.058275888,-0.016526034,0.038439678,-0.062002756
Casuariidae,-9.547089355,-7.182708968,-6.665967278,-7.309403414,-0.051649787,0.067629517,0.030875861,0.021729707,0.031996967,-0.04286527,0.029690305,-0.030296981,-0.054511956,-0.065741433,0.011617078,0.035626211,-0.052241222,-0.011800484,0.066593953,0.027089834
Apterygidae,-9.620732543,-7.353006689,-6.572024026,-7.575267945,-0.051376165,0.06664958,0.034715876,0.025746379,0.038083753,-0.032309239,0.032990592,-0.022843041,-0.051287426,-0.066505507,0.006323422,0.039557793,-0.022371632,-0.00375394,0.023348841,0.001535009
Rheidae,-9.088492928,-6.490175425,-6.905912465,-6.80296805,-0.047927764,0.054250685,-0.022144589,0.076372321,0.061791696,-0.024759753,0.04833574,0.044874189,-0.05131307,-0.057617389,-0.028549601,0.046816432,-0.043590827,-0.012298845,0.034039214,-0.028257014
Tinamidae,-8.565725843,-5.87873266,-7.024352564,-6.123231934,-0.043337665,0.050505981,-0.021643077,0.07800711,0.033192674,-0.037938249,0.039974297,-0.028803579,-0.051058582,-0.049494782,-0.016092845,0.050530917,-0.019250002,-0.00792469,0.027577037,0.014634282
Anhimidae,-9.171312925,-6.617836607,-6.53527344,-6.82919962,-0.055560658,0.085467477,0.008819468,-0.004935189,0.039560075,-0.043744605,0.025136795,-0.006325409,-0.064897424,-0.092705097,0.028291925,0.015712529,-0.070001679,-0.022884478,0.057023116,-0.069452018
Anseranatidae,-9.248717901,-6.630727804,-6.519327532,-6.970035597,-0.060035444,0.077610091,0.000314715,0.022083227,0.046490349,-0.038659843,0.031088986,0.003818039,-0.057352119,-0.068711026,0.013178094,0.042440171,-0.067460069,-0.02286318,0.061764573,-0.045207285
Anatidae,-8.759506544,-6.055160985,-6.61271676,-6.227488027,-0.058528696,0.079406941,0.002573933,0.04189796,0.040259225,-0.052228212,0.041853685,-0.032843606,-0.062524677,-0.072131667,0.022351873,0.05359787,-0.028224896,-0.010024336,0.033896482,-0.009223936
Megapodiidae,-8.932260507,-6.320052377,-6.866286439,-6.651172462,-0.048311838,0.058517208,-0.02258817,0.036092792,0.028284521,-0.035117848,0.028208303,0.011926435,-0.060768494,-0.067110327,-0.001454553,0.014921564,-0.072455427,-0.026903815,0.082174404,-0.00761346
Cracidae,-8.941745648,-6.38154792,-6.763588472,-6.632116086,-0.057507951,0.064316182,-0.03404808,0.06293967,0.039052321,-0.037700681,0.040824001,-0.016437912,-0.063026638,-0.05782841,-0.023976852,0.066789082,-0.062456613,-0.017766485,0.084853469,0.01664276
Numididae,-9.248702416,-6.484171568,-6.54028341,-6.79636431,-0.070706822,0.066866584,-0.003563157,0.095779731,0.044275468,-0.049973698,0.028967746,0.001797689,-0.068857948,-0.05272619,0.007494282,0.135774983,-0.059355568,-0.018117311,0.04777757,-0.033359771
Odontophoridae,-8.786756799,-6.009231971,-6.481455616,-6.18082141,-0.060374592,0.062320001,0.001750733,0.095011413,0.038945117,-0.034250711,0.032459174,-0.014202505,-0.062824281,-0.054777653,0.004681113,0.114481729,-0.064447935,-0.027069905,0.056125245,-0.040124844
Phasianidae,-9.010164374,-6.233472277,-6.479587196,-6.461521678,-0.063591432,0.063318202,0.00230128,0.084535467,0.039491781,-0.032114253,0.029857279,-0.006620653,-0.062056285,-0.051250717,-0.000650092,0.105242371,-0.053582305,-0.015876786,0.046834618,-0.022467634
Phoenicopteridae,-9.630633795,-7.139458609,-6.544413529,-7.408003549,-0.040245193,0.071924097,0.026147876,-0.03897825,0.027598306,-0.040964788,0.017079334,0.00374838,-0.036428014,-0.06801093,0.053114254,-0.101294615,-0.067434256,-0.018146918,0.077933958,0.029447178
Podicipedidae,-9.163583176,-6.630145295,-6.555600297,-6.69679629,-0.038377004,0.069698787,0.026052886,-0.012920814,0.018393913,-0.026352631,0.006481377,-0.004152796,-0.039694283,-0.07290171,0.056682932,-0.110877643,-0.059433202,-0.023060797,0.062855318,-0.031726282
Mesitornithidae,-8.758151969,-6.344335798,-6.638604335,-6.552824205,-0.035646471,0.058251968,-0.010379061,0.016958123,0.022813657,-0.01853212,0.022400915,0.004717709,-0.037822057,-0.063006961,0.016425445,-0.067458757,-0.064060669,-0.017640933,0.074531692,0.029605698
Pteroclidae,-8.738594374,-6.483871371,-6.485646308,-6.647565014,-0.034687545,0.059033066,-0.011525467,0.014613642,0.027727539,-0.022711568,0.023640182,0.007013612,-0.042046248,-0.072634965,0.007645871,-0.081943589,-0.062046545,-0.016011383,0.075832458,0.02671736
Columbidae,-8.783776294,-6.29350007,-6.764076165,-6.447205486,-0.05123301,0.051162234,-0.038472956,0.061708462,0.055602204,-0.037307881,0.0529254,0.035195652,-0.059947578,-0.056262155,-0.040514013,0.029648789,-0.046611483,-0.014724247,0.046878729,0.019366428
Musophagidae,-9.164608539,-6.605535974,-6.798836975,-6.763190041,-0.060147317,0.07232447,-0.030075177,0.057550919,0.05517659,-0.052288279,0.059974291,0.002848382,-0.064250463,-0.068543503,-0.020523812,0.033356306,-0.05356984,-0.015393722,0.062180417,0.002870998
Otididae,-9.087281083,-6.568284547,-6.762225511,-6.750971678,-0.047488533,0.063969681,-0.023326338,0.050266482,0.05386605,-0.048190309,0.066528277,0.023082722,-0.05235093,-0.068308426,-0.010820575,0.013565491,-0.048613998,-0.012083194,0.061091053,0.039762853
Cuculidae,-8.673320569,-6.173749907,-6.722712123,-6.278978825,-0.044846701,0.058729663,-0.021624351,0.053493858,0.045885523,-0.031454263,0.041212498,0.004728331,-0.054539002,-0.067018182,-0.016366114,0.00211472,-0.057795873,-0.017193286,0.04968667,-0.012406938
Opisthocomidae,-8.952823058,-6.599607755,-6.567649029,-6.670049341,-0.043332217,0.068478134,-0.02107144,0.039384296,0.034421332,-0.036979927,0.030317761,0.011985138,-0.058213486,-0.096854263,-0.011984646,-0.050177675,-0.056376096,-0.015536464,0.070386611,-0.006062673
Heliornithidae,-8.640150451,-5.978855237,-6.436002698,-6.204540751,-0.048312922,0.051890846,0.006140932,0.032852577,0.030317811,-0.033329941,0.021255209,0.018467541,-0.049140224,-0.049009774,0.024887894,-0.022555902,-0.054416626,-0.021583636,0.056663269,0.002221809
Rallidae,-8.80562783,-6.031028327,-6.514821056,-6.424676499,-0.049195111,0.051784048,0.005915341,0.017948684,0.030332942,-0.035898136,0.02267828,0.009248928,-0.053690522,-0.049843023,0.0386852,-0.025011451,-0.064054064,-0.020877389,0.080195438,0.034726107
Psophiidae,-9.293404883,-6.590654627,-6.695628404,-6.734476981,-0.064383212,0.075957614,0.029143613,0.01169457,0.03595454,-0.056443957,0.031654401,-0.017810037,-0.064369661,-0.066084373,0.048064751,0.025954634,-0.063780428,-0.021842107,0.077394808,-0.012052192
Aramidae,-9.216395044,-6.600686251,-6.065671404,-6.817396212,-0.051727633,0.065126435,0.106311053,-0.094704927,0.033160527,-0.057193947,0.025152283,-0.025016303,-0.056286092,-0.065819654,0.107106224,6.55E-05,-0.07638209,-0.027280793,0.085175024,-0.029977581
Gruidae,-9.369601981,-6.772622533,-6.051100225,-7.095785422,-0.050823241,0.067646456,0.113852231,-0.099730064,0.037044784,-0.055008631,0.03360201,-0.023892815,-0.055315601,-0.069390864,0.112535592,0.022545933,-0.029932513,-0.011232375,0.028204507,-0.014059822
Burhinidae,-9.445655753,-6.812644444,-6.521428102,-7.094335063,-0.057998236,0.080175818,0.041245263,-0.00332968,0.048464958,-0.049830021,0.035976822,-0.004751426,-0.057579698,-0.07669714,0.04362242,0.02567802,-0.06744629,-0.019218319,0.05809441,-0.039415143
Chionidae,-9.174309144,-6.481960222,-6.557782167,-6.689776887,-0.059579899,0.07921248,0.043443826,-0.002235647,0.035782737,-0.054379388,0.032532416,-0.019223878,-0.061827619,-0.074424886,0.056182144,0.017377673,-0.066002003,-0.024495507,0.080518682,-0.002653423
Charadriidae,-9.570253432,-6.753581187,-6.447504595,-6.954072075,-0.071424131,0.085046202,0.10188342,-0.062906049,0.04546022,-0.072404741,0.029826771,-0.034025769,-0.065919898,-0.066088298,0.080764766,0.087860371,-0.032885012,-0.013826859,0.032015621,-0.0046466
Recurvirostridae,-9.368079968,-6.709827446,-5.828451203,-6.998995667,-0.046870414,0.064354354,0.119384406,-0.122219064,0.040337496,-0.068192303,0.042446251,-0.03738387,-0.053017627,-0.063171104,0.115834132,0.028057272,-0.055942871,-0.016247158,0.053944839,-0.027552768
Haematopodidae,-9.080029024,-6.560421606,-5.719329815,-6.730533481,-0.047751302,0.067676267,0.119057597,-0.08793359,0.039385509,-0.054925385,0.026502604,-0.02520848,-0.059925209,-0.073903078,0.10191709,0.026591323,-0.075680279,-0.024314959,0.0654624,-0.054119823
Scolopacidae,-9.261617294,-6.384002688,-6.662021105,-6.761932304,-0.068287492,0.065884117,-0.007816177,0.042592083,0.048066056,-0.060571181,0.051738626,-0.004235271,-0.063941756,-0.053390009,0.013082283,0.076176114,-0.030726677,-0.012491365,0.037038118,-0.004756884
Pedionomidae,-8.722013172,-6.042921484,-5.979041435,-6.298643754,-0.053837986,0.066624688,0.042335554,0.015831697,0.03122344,-0.031959218,0.026402736,0.01262531,-0.0551633,-0.064621721,0.059550429,-0.006434525,-0.060114752,-0.017634183,0.05728729,-0.004010583
Thinocoridae,-8.588733023,-5.998609357,-5.884260574,-6.34848909,-0.052324389,0.064051001,0.033139293,0.010129726,0.02795305,-0.036368528,0.031200538,-0.000450711,-0.05251017,-0.059732324,0.045896578,-0.014378927,-0.060877091,-0.018971302,0.06830562,-0.000564612
Jacanidae,-8.677922059,-5.943054974,-6.140650152,-6.29682775,-0.049855179,0.062387951,0.041295554,-0.005246271,0.026258671,-0.034378068,0.028611784,-0.000751939,-0.048429427,-0.054164037,0.060199211,0.004726809,-0.065657802,-0.01738377,0.089792664,0.035134065
Rostratulidae,-8.950143102,-6.144770528,-6.226175176,-6.478779001,-0.05210953,0.067458244,0.048149557,-0.015140134,0.036823136,-0.043037937,0.02789322,-0.004767914,-0.053565016,-0.061380725,0.071956824,0.004680818,-0.056984649,-0.016203125,0.05681307,-0.019227968
Turnicidae,-8.087434894,-5.60299217,-6.41397486,-5.73352433,-0.040915939,0.037564184,-0.025121748,0.05491859,0.043126674,-0.02598393,0.037409532,-0.009345348,-0.060912644,-0.045585946,-0.038441843,0.019569779,-0.040760251,-0.014065814,0.047056617,0.029019072
Dromadidae,-9.36767349,-6.835102201,-6.019492302,-7.183433194,-0.052328287,0.068752817,0.094119091,-0.080507789,0.036320694,-0.048362598,0.036984047,-0.019936734,-0.053780018,-0.067481334,0.098890457,-0.001256414,-0.070386859,-0.01600685,0.081263309,-0.036388116
Glareolidae,-9.033772534,-6.457299558,-6.032056167,-6.587503081,-0.052200065,0.067758988,0.066817314,-0.050695646,0.030084665,-0.049525918,0.027348319,-0.026531024,-0.05833577,-0.069570013,0.085177443,-0.001843059,-0.027081976,-0.008574493,0.026775339,-0.00990313
Stercorariidae,-9.318905657,-6.832501197,-5.905542293,-7.123729947,-0.052194569,0.058936098,0.109419648,-0.053786715,0.04660389,-0.051786822,0.04467124,-0.03530135,-0.063992614,-0.069817417,0.067445959,0.119356918,-0.07004412,-0.019375267,0.078770792,-0.03772144
Alcidae,-9.231212307,-6.797820031,-5.830585857,-7.014336483,-0.050632194,0.055341515,0.097289289,-0.063547078,0.040985821,-0.059328889,0.037174391,-0.029318373,-0.059063315,-0.05954018,0.084882746,0.086067079,-0.025793672,-0.00774532,0.03194185,0.001508072
Laridae,-9.507091824,-6.781868425,-6.190609577,-7.021869627,-0.069387541,0.06442503,0.108091769,-0.057318304,0.050270791,-0.070947173,0.036177667,-0.038177139,-0.070257634,-0.057746383,0.0812961,0.158036025,-0.02953355,-0.010710008,0.033367708,-0.00765779
Caprimulgidae,-9.03040971,-6.519582055,-6.737100131,-6.638907474,-0.056057376,0.061059341,-0.042403961,0.054816337,0.071287362,-0.054340207,0.072186553,0.009586611,-0.058481899,-0.054051834,-0.031282591,0.032513049,-0.063163037,-0.015923863,0.067940101,-0.003500335
Steatornithidae,-9.066673437,-6.611825021,-6.629984808,-6.728054404,-0.050600033,0.064926251,-0.007423877,0.041241064,0.037553884,-0.038138193,0.034155744,-0.002816655,-0.057162358,-0.067960078,0.004221999,-0.00710239,-0.05035586,-0.013548212,0.048538776,-0.014876996
Nyctibiidae,-9.047960779,-6.783411359,-6.473652675,-6.973059566,-0.04649521,0.062874087,-0.017661873,0.03642566,0.039042703,-0.041449003,0.048348559,-0.005703645,-0.046992559,-0.059577377,-0.011752375,-0.005398111,-0.055703399,-0.010544885,0.070667085,0.013788182
Podargidae,-8.871310728,-6.406948539,-6.652692392,-6.690206165,-0.049128785,0.059661492,-0.038425291,0.028245811,0.054743925,-0.036457753,0.06209796,0.022655773,-0.061508352,-0.069523388,-0.032111463,0.014076092,-0.051135083,-0.011362516,0.054695635,-0.00150437
Aegothelidae,-8.919083598,-6.386103087,-6.674670035,-6.650811948,-0.051974522,0.070624113,-0.036376172,0.037833537,0.069579543,-0.051205995,0.068891246,0.040936347,-0.057000565,-0.074681565,-0.023314748,-0.013628108,-0.079278889,-0.020177991,0.090480183,0.016475929
Apodidae,-8.913236218,-6.422143934,-6.556924046,-6.620796328,-0.046418309,0.054511968,-0.017044964,0.05477843,0.061226313,-0.052418525,0.059428766,0.047153873,-0.0502157,-0.0519001,0.004588868,-0.001659629,-0.055654833,-0.020298559,0.033782321,-0.023828536
Trochilidae,-8.498484401,-6.037215252,-6.557367545,-6.155491764,-0.042205767,0.048194409,-0.022659966,0.050293182,0.048635416,-0.036083798,0.030867657,0.022858824,-0.044997737,-0.047455967,-0.001947347,-0.000709285,-0.044582948,-0.013745588,0.028693374,0.005990197
Phaethontidae,-9.212257293,-6.689368195,-6.676639379,-6.835528514,-0.042645501,0.070548138,0.010790392,0.00584193,0.032194652,-0.028565225,0.028906755,0.024058169,-0.049991466,-0.088286063,0.044343466,-0.10185857,-0.053655818,-0.016422668,0.05349456,-0.027472151
Eurypygidae,-8.843576276,-6.340806749,-5.982771064,-6.578859152,-0.037665026,0.058913915,0.035337985,0.000220197,0.019621448,-0.028722662,0.013909494,-0.000873805,-0.039333126,-0.064183112,0.05921626,-0.093566931,-0.05900111,-0.025097324,0.063445956,-0.031649517
Rhynochetidae,-8.91561786,-6.416937789,-6.01023608,-6.660488866,-0.039178492,0.061757891,0.039995154,-0.007060284,0.019934131,-0.030226241,0.012129864,0.005191959,-0.04008814,-0.067700196,0.070742319,-0.09047988,-0.067620803,-0.023663353,0.068891366,-0.03338178
Gaviidae,-9.537997278,-7.072128799,-6.648147661,-7.176167381,-0.044211521,0.084977751,0.0114728,-0.011328714,0.025708791,-0.044301531,0.009778202,-0.003883759,-0.052684691,-0.104629285,0.047047489,-0.128903255,-0.056632032,-0.013552758,0.063559595,-0.033576133
Spheniscidae,-9.635139379,-7.287903246,-6.559334594,-7.469227547,-0.059420419,0.089929865,0.034311546,-0.030578728,0.041618539,-0.070409675,0.035124792,-0.028220585,-0.055428646,-0.081414197,0.04072437,-0.009141126,-0.058112714,-0.015871549,0.066485445,-0.035162002
Diomedeidae,-9.777564867,-7.254176709,-6.724643699,-7.688392126,-0.045444555,0.077380821,0.065181409,-0.117292778,0.034951515,-0.063093045,0.040263534,-0.031092412,-0.045670055,-0.07040605,0.07538988,-0.024638438,-0.025119255,-0.006827049,0.029156388,-0.016688728
Oceanitidae,-9.558014752,-7.025664315,-6.628060622,-7.202883498,-0.061972469,0.086536128,0.040935905,-0.035647709,0.048731712,-0.065316912,0.043748225,-0.037116599,-0.060100986,-0.071573433,0.029036937,0.031126854,-0.026483521,-0.009451871,0.026985723,-0.01654149
Hydrobatidae,-9.57295517,-7.148928295,-6.446101687,-7.372464446,-0.052937246,0.077577091,0.060857243,-0.064125858,0.038001784,-0.056802493,0.036670814,-0.030597084,-0.053408772,-0.073741889,0.055419657,0.004433667,-0.06466221,-0.020433377,0.061446604,-0.059934519
Procellariidae,-9.468151046,-7.060629532,-6.451912415,-7.205590581,-0.051967914,0.070916094,0.063117775,-0.058846816,0.038852513,-0.064500692,0.033340542,-0.031932549,-0.05401196,-0.067653679,0.048814916,-0.01441136,-0.026103643,-0.008849532,0.024246869,-0.021919298
Ciconiidae,-9.633044063,-7.189031749,-6.65688773,-7.408198172,-0.062637977,0.090585853,0.014011837,-0.028258766,0.041199272,-0.059670051,0.032540208,-0.012390291,-0.063782858,-0.086331114,0.032564183,-0.031165061,-0.066308237,-0.01770441,0.085065301,-0.025664351
Threskiornithidae,-9.587688446,-7.003429322,-6.747289497,-7.226451017,-0.067113054,0.087174151,0.020952567,-0.025595917,0.047256711,-0.065593624,0.04751402,-0.017891247,-0.069038253,-0.079839149,0.04030071,0.018719763,-0.065379745,-0.02007609,0.083253128,-0.017382455
Ardeidae,-9.401868543,-6.769193778,-6.764429338,-6.984670476,-0.060050636,0.089341513,0.033291435,-0.048949381,0.037872918,-0.057867349,0.041564159,-0.026817485,-0.064036486,-0.084574064,0.071283429,-0.030591587,-0.076615931,-0.019133592,0.120753217,0.033310002
Balaenicipitidae,-9.125305612,-6.743699165,-6.1595102,-7.169831106,-0.039782706,0.06673089,0.048857122,-0.096183158,0.031431873,-0.045920494,0.026437187,-0.030526374,-0.037253614,-0.059219569,0.055193974,-0.05959069,-0.062452038,-0.01919618,0.073786242,-0.003727142
Pelecanidae,-8.962672509,-6.669680953,-6.008854391,-6.940593022,-0.030438267,0.062564247,0.034113472,-0.063242741,0.019234932,-0.026311911,0.010424164,-0.01343237,-0.032088963,-0.063812062,0.055472208,-0.121073857,-0.064655706,-0.019907665,0.074355311,-0.030301746
Scopidae,-9.013115638,-6.470535353,-6.239613024,-6.671215556,-0.031370144,0.063050458,0.037253321,-0.063773769,0.017283332,-0.029913206,0.006061285,-0.009680222,-0.032275166,-0.063816915,0.064228991,-0.115504692,-0.060726399,-0.0219451,0.059823962,-0.042951284
Fregatidae,-9.549471989,-7.006025597,-6.674999446,-7.383982718,-0.053374251,0.083092027,0.051216231,-0.079747414,0.042581435,-0.065005793,0.041285617,-0.022025705,-0.051852574,-0.075065988,0.061479083,-0.023941131,-0.06066406,-0.021250466,0.065059045,-0.049764211
Sulidae,-9.301921348,-6.630805375,-6.40894691,-6.93177324,-0.052407607,0.085412037,0.066300017,-0.076059217,0.041760187,-0.064144195,0.042117285,-0.033709581,-0.049431722,-0.076521282,0.075173374,-0.011363951,-0.062590638,-0.02045398,0.06089889,-0.058189464
Anhingidae,-9.191568862,-6.623454334,-6.203909787,-6.913052983,-0.058311578,0.088345052,0.060866552,-0.0407215,0.041427642,-0.058841432,0.044532422,-0.024127129,-0.056861897,-0.082861577,0.062913401,0.008927456,-0.070964675,-0.023317117,0.082950165,-0.032790844
Phalacrocoracidae,-8.996566554,-6.437985582,-6.171776402,-6.610748053,-0.05653895,0.085834878,0.070291941,-0.017507789,0.035739426,-0.053015563,0.033154063,-0.022978834,-0.061919533,-0.085136464,0.070736684,0.020976221,-0.060472186,-0.021037938,0.063536894,-0.029948874
Tytonidae,-9.178722683,-6.703606556,-6.522175194,-6.77935061,-0.040521356,0.067290373,0.027323587,0.002562999,0.015690071,-0.026384814,0.008296916,0.001897454,-0.042473377,-0.072963745,0.048867269,-0.104161779,-0.060342888,-0.02600632,0.049337453,-0.067972889
Strigidae,-9.434576252,-6.919608287,-6.58065143,-7.06562693,-0.043542537,0.069684889,0.025305734,-0.009665651,0.01925534,-0.030019657,0.004472266,0.002491204,-0.043453829,-0.070675228,0.050227,-0.108997722,-0.06819123,-0.025467045,0.057028263,-0.066347576
Cathartidae,-9.663274831,-7.327662366,-6.542905618,-7.545970963,-0.035170703,0.060362733,0.033896156,-0.046757011,0.021260133,-0.039971595,0.009589718,-0.009591696,-0.035904548,-0.059638788,0.054129536,-0.087166828,-0.062818188,-0.019586921,0.062154475,-0.045465836
Sagittariidae,-9.45996334,-6.903367665,-6.611430991,-7.104101869,-0.051589343,0.076627254,0.072077846,-0.068536508,0.029507445,-0.056563867,0.02630612,-0.031482772,-0.050672822,-0.067232059,0.07378296,-0.009094602,-0.062666538,-0.020682422,0.062078512,-0.052377232
Pandionidae,-9.073130252,-6.561900026,-6.13136529,-6.839633888,-0.043994279,0.071016791,0.083061124,-0.082321077,0.033234739,-0.051026995,0.035629991,-0.036792398,-0.048938945,-0.072713042,0.090821707,-0.007375122,-0.064277219,-0.020821537,0.061295276,-0.055403145
Accipitridae,-9.414186785,-6.717939697,-6.319548563,-7.108056619,-0.047670973,0.071674813,0.089592521,-0.1085124,0.034312677,-0.053202696,0.03838255,-0.036857145,-0.048363392,-0.067289543,0.095498253,-0.003497055,-0.031266157,-0.011605937,0.028527621,-0.031083065
Coliidae,-8.553988764,-6.00703026,-6.799450841,-6.204862959,-0.048808165,0.049400937,-0.046960919,0.064969981,0.050412696,-0.041313727,0.041708282,0.012207168,-0.08105177,-0.068138484,-0.057853011,0.047402378,-0.044924402,-0.013660124,0.045343527,-0.00267632
Leptosomidae,-9.124334379,-6.565545278,-6.763070248,-6.803407394,-0.043679672,0.068220116,-0.022526189,0.012258478,0.046618126,-0.037045798,0.039484102,0.05672073,-0.053544574,-0.08684208,0.005097913,-0.098466687,-0.057195158,-0.02000136,0.051664943,-0.024896323
Trogonidae,-8.89214929,-6.148017452,-6.949223878,-6.378232115,-0.06240099,0.05837067,-0.050749105,0.071639625,0.059796968,-0.049712584,0.057599522,0.043381188,-0.090771385,-0.078546542,-0.06340779,0.092626232,-0.051472186,-0.019723007,0.049233575,-0.000319598
Bucerotidae,-8.817375779,-6.276029103,-6.667717731,-6.599080213,-0.053515603,0.049792566,-0.046447251,0.080990133,0.053281515,-0.031266883,0.054738381,0.046385564,-0.066312939,-0.053886934,-0.057716154,0.076467432,-0.052190482,-0.017526508,0.053491559,0.030903115
Phoeniculidae,-8.305592609,-5.67799018,-6.20751673,-5.905558566,-0.045774021,0.032078427,-0.01031343,0.081762671,0.026268686,-0.028233862,0.022325521,0.005284312,-0.050444283,-0.02741349,-0.010835725,0.03828709,-0.027718455,-0.00590572,0.01010588,-0.021543384
Upupidae,-8.38267422,-5.692385232,-6.251132667,-5.925247175,-0.046559055,0.035356281,-0.001607463,0.086782963,0.028869722,-0.028328922,0.018858931,0.001605731,-0.048351699,-0.028765586,-0.003256147,0.042338531,-0.050232462,-0.017254796,0.027855797,-0.029226319
Meropidae,-8.568558818,-6.085857598,-6.552710217,-6.365737602,-0.033451594,0.050494928,-0.011169674,0.024104827,0.022039845,-0.019659785,0.012006302,0.021558943,-0.040085783,-0.058573344,0.021469509,-0.08854112,-0.047760564,-0.018445783,0.045167098,0.009073726
Brachypteraciidae,-8.63285486,-6.000335929,-6.409948749,-6.563162693,-0.044590796,0.052055844,0.006485821,0.006137692,0.042269571,-0.024165161,0.054321887,0.043817275,-0.049169923,-0.051946504,0.032116476,-0.016536984,-0.04853984,-0.015339503,0.045952407,0.072120287
Coraciidae,-8.983712767,-6.163076684,-6.553930153,-6.641074689,-0.047387292,0.05552965,0.020691185,-0.004931415,0.037623315,-0.020349825,0.035191295,0.039044535,-0.053874863,-0.062379829,0.046272004,-0.032907616,-0.054872945,-0.019548981,0.043983648,-0.023598392
Todidae,-8.689792682,-5.933850453,-6.730130012,-6.384877353,-0.02563995,0.032397169,-0.007419262,-0.020911977,0.022842313,-0.022959646,0.020809352,-0.001027174,-0.028077123,-0.03359394,0.01182241,-0.023495715,-0.047240259,-0.014100855,0.040243111,0.002329754
Momotidae,-8.851713758,-6.148187417,-6.603871893,-6.409356738,-0.050984236,0.056977361,0.009076138,0.05068132,0.040681507,-0.040536582,0.041148152,0.010510369,-0.052053253,-0.052047061,0.025961838,-0.003930211,-0.050979004,-0.018684703,0.045089481,-0.00215182
Alcedinidae,-8.998593699,-6.301795594,-6.597600904,-6.509565793,-0.054045483,0.058990415,0.012932433,0.042461206,0.037273673,-0.041262257,0.027811633,0.008343997,-0.054871942,-0.055038154,0.036508143,-0.006726173,-0.056301537,-0.019989935,0.048601747,-0.014770267
Bucconidae,-8.388645255,-5.937816692,-6.284925849,-6.252133821,-0.048524161,0.035902407,-0.03593612,0.081301098,0.048271006,-0.026219742,0.050451196,0.021413675,-0.055564227,-0.032050502,-0.02138418,0.065903213,-0.034627576,-0.013027019,0.019184108,0.025435854
Galbulidae,-8.565170984,-6.010100992,-6.37141999,-6.275393201,-0.050204005,0.034817694,-0.025536609,0.087851255,0.068744114,-0.046123699,0.058914049,0.033542986,-0.052415269,-0.026161008,-0.018932864,0.057039117,-0.056994435,-0.017448012,0.026501567,-0.011560776
Picidae,-8.680984089,-6.070416393,-5.988212713,-6.311509942,-0.048235161,0.036159064,0.014256443,0.07786871,0.022803431,-0.03326967,0.016678561,0.022072062,-0.052006449,-0.034165126,0.027800472,0.011141836,-0.051822009,-0.014086963,0.019577584,-0.030187208
Indicatoridae,-8.725023371,-6.272838356,-5.823590524,-6.449520878,-0.048719517,0.038410006,0.02136157,0.076098539,0.028807728,-0.027308066,0.000513585,-0.009511606,-0.046946216,-0.030262015,0.016619252,0.013749792,-0.042453212,-0.009665187,0.006400436,-0.043577315
Ramphastidae,-8.638251192,-6.007545212,-6.358669602,-6.117427457,-0.052575423,0.034999737,-0.006388468,0.095923117,0.044917788,-0.049370422,0.022406478,-0.005178758,-0.054989086,-0.023231169,-0.005853673,0.047799048,-0.033540561,-0.008403831,0.00786426,-0.020924134
Cariamidae,-9.265506587,-6.684065453,-6.830094311,-6.940971419,-0.063602546,0.07052918,-0.050098936,0.047290842,0.062530437,-0.055496309,0.060104071,0.031502879,-0.101954968,-0.105642338,-0.07610914,0.111484968,-0.067330694,-0.017358543,0.061225298,-0.049215978
Falconidae,-9.342966726,-6.728682739,-6.869976383,-7.004641541,-0.066652271,0.069642662,-0.048028651,0.039493609,0.070792782,-0.060059025,0.070851446,0.039501291,-0.073600708,-0.069988523,-0.037355215,0.05956523,-0.074242817,-0.024953387,0.068469595,-0.059816458
Strigopidae,-9.041924834,-6.509172893,-6.131004419,-6.665214091,-0.048038307,0.066863969,0.021530445,0.010794466,0.025194695,-0.041357126,0.01019296,-0.009314674,-0.045782982,-0.06104761,0.04351094,-0.077507013,-0.054774084,-0.017087536,0.025009028,-0.051906832
Cacatuidae,-9.008287129,-6.514316895,-5.905096569,-6.822782012,-0.057290629,0.046937303,0.024819075,0.035838142,0.037289222,-0.051035232,0.038026639,-0.02325736,-0.056882947,-0.036208879,0.010255372,0.040251797,-0.018744976,-0.004778878,0.010403084,-0.011229915
Psittacidae,-8.645938807,-6.234841929,-5.640929232,-6.390076806,-0.050151451,0.041401837,0.036494963,0.050800586,0.028223749,-0.035678109,0.023263512,-0.013317317,-0.049901772,-0.035615209,0.022201515,0.0102135,-0.048269403,-0.012995118,0.015343589,-0.044244464
Psittaculidae,-8.588013935,-6.14309034,-5.672313889,-6.290393807,-0.051371512,0.042642164,0.020163868,0.05210472,0.03417199,-0.040398937,0.016340629,-0.012492902,-0.053144404,-0.036640547,0.017267905,-0.001160193,-0.022630929,-0.007296384,0.010325497,-0.015500086
Acanthisittidae,-8.57573881,-6.112226858,-6.481328197,-6.424683551,-0.041009272,0.035999594,-0.02981463,0.016489882,0.033105456,-0.031783405,0.016744211,0.037441937,-0.046915641,-0.035541753,-0.002975122,-0.076387134,-0.066644205,-0.023685075,0.01744219,0.050577684
Philepittidae,-8.287693668,-5.871853402,-5.548482665,-6.15425052,-0.024670071,-0.003712124,0.007848662,-0.003623862,0.014767768,-0.002632289,-0.007431119,0.001192319,-0.025752783,0.006621337,0.016459625,-0.066280299,-0.051192064,-0.015531954,-0.024055874,-0.043499553
Eurylaimidae,-8.408587611,-5.910326994,-5.601324795,-6.143158724,-0.026336416,-0.004378888,0.006674586,-0.004881948,0.011096256,-0.012664614,-0.005340402,0.002403435,-0.024968775,0.007967716,0.022493228,-0.068652005,-0.049953912,-0.018605517,-0.015753995,-0.08920401
Sapayoidae,-8.71536888,-6.01139452,-6.105557201,-6.241623511,-0.056480712,0.005977551,0.010569414,0.0482695,0.031585347,-0.043716057,-0.004938178,0.01054627,-0.058214908,0.004414723,0.038400294,0.011866077,-0.050714128,-0.017149953,-0.025239617,-0.090521305
Pittidae,-8.365327077,-5.741237469,-6.03827922,-5.972023209,-0.052261832,0.009339029,-0.00262691,0.050509934,0.03321842,-0.016240621,0.007591225,0.039475462,-0.056323275,-0.001708484,0.013514684,-0.000297921,-0.050125779,-0.015560981,-0.014810622,-0.03341716
Calyptomenidae,-8.610523354,-6.067755786,-5.983293819,-6.213168833,-0.062683044,-0.00439617,-0.024726788,0.09297246,0.045949907,-0.045677362,-0.003024941,0.01934338,-0.072511272,0.015884196,-0.013232009,0.054801645,-0.054811229,-0.017885889,-0.016615743,-0.063530061
Thamnophilidae,-8.467035539,-5.848001039,-6.048978328,-6.130400145,-0.061606529,-0.00834453,-0.034655567,0.102785526,0.056585733,-0.023351418,-0.004605468,0.062543665,-0.069619895,0.019021606,-0.031072871,0.07786335,-0.055426463,-0.016621052,-0.021488715,0.009855909
Grallariidae,-8.472692221,-5.951904119,-5.889838798,-6.152120869,-0.063642885,0.002287366,-0.023694354,0.095470868,0.044591922,-0.036599427,-0.009421309,0.024375086,-0.061839677,0.007424093,-0.019296391,0.060365081,-0.055294308,-0.017432227,-0.012879904,0.037500871
Rhinocryptidae,-8.704559695,-5.984877707,-6.02597787,-6.275053593,-0.071143038,-0.002283542,-0.010884156,0.082462727,0.050819841,-0.045457971,-0.002887895,0.030559786,-0.07374851,0.014223134,0.009164552,0.07082751,-0.070185848,-0.023537448,-0.011784283,-0.022987224
Formicariidae,-8.300115257,-5.741651841,-5.855852632,-5.956852071,-0.061405954,-0.012722423,-0.018916703,0.115362232,0.050815792,-0.021032421,-0.005884048,0.054833312,-0.061025091,0.020654623,-0.015557876,0.073074043,-0.065243999,-0.021233436,-0.021210334,0.012288041
Scleruridae,-8.774112556,-6.040990894,-5.669811375,-6.321984386,-0.069376051,-0.008446955,0.046978867,0.084120825,0.045997592,-0.048288727,-0.00651507,0.030467555,-0.068814491,0.021889498,0.04190428,0.102373783,-0.06394569,-0.023204457,-0.018630902,-0.005776307
Furnariidae,-8.544666413,-5.927814601,-5.405170324,-6.185332307,-0.060668502,-0.008592614,0.048497734,0.045858937,0.042880948,-0.048589738,0.002598438,0.007467533,-0.06174577,0.016310916,0.043543501,0.068792575,-0.02771867,-0.006098452,-0.012741413,-0.023596262
Dendrocolaptidae,-8.406279378,-5.824493992,-5.395055103,-6.133568169,-0.059407654,-0.008823041,0.038449238,0.061543229,0.049283324,-0.029154773,0.002593595,0.041914665,-0.063068855,0.013113356,0.029745095,0.062144626,-0.026559397,-0.007849996,-0.00775178,-0.004257105
Pipridae,-8.930847078,-6.252930016,-5.873214786,-6.453759771,-0.077604738,-0.023706858,-0.00930598,0.115995889,0.048327956,-0.055441097,-0.010637235,0.012699457,-0.075110389,0.035651247,-0.013086387,0.123647069,-0.029087304,-0.010177472,-0.014869383,-0.016069316
Cotingidae,-8.881777267,-6.159273902,-5.856895542,-6.371828128,-0.073107436,-0.000770517,0.01853296,0.067271507,0.048833652,-0.068637406,0.003751837,-0.003123014,-0.065072392,0.013999194,0.02451709,0.069680005,-0.028375377,-0.007635654,-0.007328348,-0.022036331
Tityridae,-8.803903156,-6.081692912,-5.814314003,-6.196401774,-0.071788866,-0.008520502,0.012937512,0.097959399,0.04135866,-0.063192266,0.001241708,-0.005707879,-0.067555707,0.020605439,0.005952428,0.103022082,-0.063532755,-0.024108466,-0.028834603,-0.076097377
Onychorhynchidae,-8.652603921,-6.02054732,-5.671482018,-6.211352233,-0.064670116,-0.01182939,0.052947093,0.088746321,0.038239798,-0.047845632,-0.004402727,0.00418268,-0.063232935,0.020966223,0.026988064,0.09416267,-0.062402836,-0.019716478,-0.025171542,-0.058940927
Oxyruncidae,-8.779834464,-6.09487515,-5.742878062,-6.266678642,-0.066941456,-0.018220003,0.05271248,0.07460687,0.039843815,-0.052781512,-0.004001213,-0.000125028,-0.067505699,0.030626965,0.032500617,0.113276649,-0.069864348,-0.023233954,-0.032274775,-0.045284874
Pipritidae,-8.730021342,-5.997311069,-5.717435489,-6.139354702,-0.07502552,-0.013470394,0.024822837,0.107735428,0.046210068,-0.070242863,-0.006851211,-0.001339877,-0.071577808,0.02848529,0.020841737,0.134644474,-0.063438229,-0.020346314,-0.031436166,-0.072635331
Platyrinchidae,-8.735692496,-6.09064761,-5.610697946,-6.380558031,-0.070986322,-0.007983592,0.028602794,0.105675077,0.044725517,-0.04409588,0.002943182,0.023815547,-0.067306402,0.017090106,0.0210881,0.099527487,-0.060497453,-0.018900982,-0.019643882,-0.047346568
Tachurididae,-8.721882767,-5.924319548,-5.709396436,-6.103984655,-0.074223151,-0.011719161,0.037523358,0.122508391,0.043815873,-0.062873137,-0.004852435,-0.007824991,-0.071485673,0.02501393,0.025530107,0.140708566,-0.066225396,-0.026989965,-0.023361725,-0.109575348
Pipromorphidae,-8.508733248,-5.794987464,-5.572516611,-5.937505068,-0.059234235,-0.007742116,0.057329627,0.087734107,0.033853148,-0.044264326,-0.01325986,0.000934158,-0.060809828,0.017156037,0.047134226,0.092348133,-0.025627805,-0.007098189,-0.010278075,-0.021573772
Tyrannidae,-8.550973566,-5.81826857,-5.669078317,-6.164489074,-0.058114348,-0.010130706,0.04087153,0.080001118,0.041093874,-0.029952126,-0.020712892,0.044477128,-0.0598963,0.016803903,0.029259355,0.075920066,-0.029940588,-0.010351884,-0.010434636,-0.018186782
Atrichornithidae,-9.002266831,-6.281933087,-6.170760555,-6.447461864,-0.066022437,-0.034007511,0.039769614,0.042301469,0.041226442,-0.045071911,-0.025607771,0.014788159,-0.069480755,0.039998725,0.023626567,0.031236263,-0.069063043,-0.023784389,-0.0479845,-0.028841886
Menuridae,-9.122631999,-6.514632623,-6.041275964,-6.807706876,-0.064396967,-0.029406065,0.041313289,0.026942091,0.043782287,-0.05795622,-0.01309364,0.002313919,-0.061600175,0.03129379,0.028256164,0.021365574,-0.072906999,-0.025704688,-0.034874018,-0.05151064
Climacteridae,-8.710348223,-6.06161842,-6.240418344,-6.356254335,-0.06277077,-0.032078254,-0.016686905,0.049590983,0.041775741,-0.026844281,-0.0318254,0.056266605,-0.06316307,0.038295077,0.010075015,0.012338746,-0.065528483,-0.025047776,-0.037210444,-0.01224584
Ptilonorhynchidae,-9.024172874,-6.326702753,-6.306718976,-6.615069909,-0.067799357,-0.034881231,-0.005505802,0.021288043,0.04689098,-0.041971549,-0.035636283,0.02271269,-0.066976382,0.042472394,0.014172806,0.000179749,-0.072110749,-0.022400337,-0.050569209,0.08419097
Maluridae,-8.561400121,-5.897794766,-6.111093065,-6.074806387,-0.06777844,-0.047187937,-0.018812878,0.057381849,0.055704878,-0.054593681,-0.05585458,0.013095701,-0.068345146,0.058883038,-0.029521159,0.012275604,-0.062815405,-0.019660597,-0.054938092,0.058582157
Dasyornithidae,-8.884533427,-6.169994356,-6.078536687,-6.373146578,-0.075149366,-0.049503429,0.015612777,0.042579511,0.054840145,-0.059991604,-0.017609367,0.000829979,-0.073776232,0.06046105,0.005166567,0.050825021,-0.068909924,-0.021130473,-0.055777933,0.030490018
Meliphagidae,-8.714878049,-6.096707231,-5.930247202,-6.289239866,-0.070715465,-0.042716428,0.001530639,0.030862736,0.050649136,-0.046934906,-0.03738777,0.012283954,-0.067873508,0.043515434,-0.005315184,0.03378985,-0.06950169,-0.02360432,-0.059851365,0.001276548
Acanthizidae,-8.81744225,-6.123946459,-5.916796925,-6.345581329,-0.062777086,-0.047784914,0.05418405,0.018680718,0.042577679,-0.043142517,-0.040650221,0.005281331,-0.060970752,0.055464453,0.028811534,-0.016062009,-0.077117941,-0.023714888,-0.065312801,-0.004344963
Pardalotidae,-8.830625102,-6.174366543,-5.821114556,-6.341323991,-0.063734256,-0.043180216,0.054480267,0.018666426,0.037174029,-0.050789431,-0.017516816,-0.001693408,-0.061870331,0.050955976,0.037442371,-0.008951546,-0.076462317,-0.023476867,-0.069623653,-0.019525634
Orthonychidae,-8.740662534,-6.133330911,-6.051466472,-6.463180527,-0.053547578,-0.03466701,0.012484589,0.00425666,0.035267457,-0.0485475,-0.023608997,-0.000668966,-0.053371026,0.046510028,0.034685768,-0.041841418,-0.065632944,-0.021793445,-0.049247463,-0.020463985
Pomatostomidae,-8.674635619,-5.910339391,-6.250950571,-6.338132468,-0.053138455,-0.03278113,0.018425952,0.008955806,0.041731718,-0.014822904,-0.051897227,0.045824195,-0.053488922,0.038847516,0.018379826,-0.040234145,-0.064397849,-0.01612794,-0.059312102,0.151361317
Cinclosomatidae,-9.1117054,-6.472616176,-5.953480961,-6.61314906,-0.071055833,-0.056508832,0.013870899,0.015074256,0.046089474,-0.073343777,-0.045121563,0.000296392,-0.068436762,0.062592553,-0.015835865,0.013373458,-0.066981783,-0.016476336,-0.068789387,0.0223471
Campephagidae,-9.120711165,-6.470968382,-5.947767607,-6.642788409,-0.076294537,-0.057054314,0.010359649,-0.006506236,0.049826138,-0.063563579,-0.04476808,0.013021126,-0.070606417,0.058923651,0.004278719,0.023745351,-0.075798198,-0.01705161,-0.084172264,0.024897639
Rhipiduridae,-8.694087817,-5.958307281,-5.839199596,-6.167721864,-0.074240146,-0.062520143,0.009596861,0.007706668,0.050206391,-0.044835332,-0.051178977,0.01665409,-0.081921392,0.074171699,-0.007791344,0.035146494,-0.075209809,-0.018817935,-0.07397736,0.033721537
Dicruridae,-9.094327972,-6.428275733,-5.748261164,-6.616465471,-0.079598112,-0.057438142,0.053135942,-0.017916549,0.049926619,-0.06673074,-0.03804435,0.010611236,-0.077204943,0.064792089,0.014872087,0.055946078,-0.075807922,-0.020850346,-0.074434805,-0.026582503
Monarchidae,-8.834407891,-6.103982438,-5.816853783,-6.391229752,-0.075447098,-0.057023091,0.031055387,-0.031581411,0.052421866,-0.044917876,-0.059090629,0.022729187,-0.07125229,0.058978537,0.02951011,0.004426699,-0.079699024,-0.024219834,-0.070876166,0.013182806
Corcoracidae,-8.962402802,-6.442051967,-5.574097708,-6.590260035,-0.067003482,-0.047426724,0.081781101,-0.066265962,0.04446748,-0.06237972,-0.034694898,0.014852073,-0.068401644,0.054841047,0.029060653,0.046307294,-0.073539764,-0.021022513,-0.073052114,0.006792569
Ifritidae,-8.932437306,-6.376536739,-5.611277016,-6.547498407,-0.058009865,-0.053560126,0.08158181,-0.075250774,0.038930333,-0.05852251,-0.038067837,0.003597795,-0.066952851,0.063830335,0.034681319,-0.019949787,-0.077687607,-0.019208353,-0.078992146,-0.039486271
Paradisaeidae,-9.03739043,-6.51330604,-5.566457001,-6.699436239,-0.055609225,-0.049827949,0.082872359,-0.098241586,0.040019445,-0.065656815,-0.036288264,-0.016616534,-0.060862346,0.056515194,0.050859358,-0.015292625,-0.081618064,-0.02145952,-0.088859412,-0.050802082
Laniidae,-8.554062196,-5.965627396,-5.521722481,-6.064509005,-0.063015446,-0.035221003,0.064834636,-0.029012423,0.038401913,-0.056979492,-0.026957522,-0.002966842,-0.065854725,0.042454683,0.052105505,-0.018374291,-0.068442731,-0.022938491,-0.064634711,-0.059077489
Corvidae,-8.864143714,-6.273637604,-5.526574286,-6.52097923,-0.064425904,-0.038911584,0.081397859,-0.052481748,0.039727943,-0.057539937,-0.021387256,0.002290127,-0.066480189,0.043269736,0.060172786,-0.001938373,-0.029223573,-0.011892379,-0.02157039,-0.020587047
Mohouidae,-9.226584038,-6.20890356,-6.267514741,-6.604171638,-0.074619253,-0.047658861,0.037760272,-0.070903887,0.05082159,-0.081871871,-0.066321792,0.029783563,-0.070459073,0.05245933,0.031184588,-0.056614453,-0.079068466,-0.018896212,-0.072463604,0.097582107
Machaerirhynchidae,-8.965376519,-6.289629567,-5.707067208,-6.412099782,-0.077238067,-0.067233203,0.051849238,-0.031557314,0.048022236,-0.07401114,-0.042528726,0.008888119,-0.070464227,0.068737071,0.025561558,0.029997684,-0.093908773,-0.028775428,-0.101497438,0.046339139
Artamidae,-9.009769242,-6.383633754,-5.670973249,-6.588429152,-0.077944846,-0.06711809,0.046656386,-0.056941567,0.051961875,-0.058885056,-0.044232956,0.026020316,-0.07373,0.071424817,0.007040842,0.05666592,-0.082771114,-0.021976073,-0.087834596,0.078363915
Rhagologidae,-9.034675012,-6.414710308,-5.595588657,-6.586398131,-0.073166203,-0.060318269,0.081670962,-0.048707952,0.042569462,-0.07569354,-0.029984741,-0.007307029,-0.065529111,0.058142368,0.040009681,0.032409751,-0.075419852,-0.018941822,-0.071394003,-0.007487379
Malaconotidae,-8.651021804,-6.078478983,-5.470668535,-6.357843467,-0.053853387,-0.032951194,0.05481906,-0.08133102,0.033584569,-0.034242595,-0.025376941,0.015258804,-0.054572612,0.029433162,0.059243524,-0.081575314,-0.069083279,-0.017669094,-0.064958869,0.025323379
Platysteiridae,-8.481965904,-6.148365234,-5.221388026,-6.288718433,-0.029733188,-0.021394129,0.036040973,-0.043978972,0.018563508,-0.019247683,-0.025725715,-0.008578981,-0.029581495,0.023276555,0.032395583,-0.098891757,-0.073583749,-0.024509935,-0.079641441,0.065238637
Vangidae,-8.472183501,-6.09203747,-5.222278386,-6.231746925,-0.030031158,-0.021301064,0.036019923,-0.039254385,0.016709285,-0.021078009,-0.018199055,-0.000643537,-0.033698961,0.027563548,0.040067749,-0.125131409,-0.069168468,-0.021823434,-0.068845798,0.025019952
Neosittidae,-8.815545349,-6.176761982,-5.882515134,-6.440889078,-0.072052367,-0.059268263,0.005926883,0.00550576,0.057157879,-0.065191918,-0.069928987,0.030256991,-0.069510428,0.060958433,0.002312653,0.019450873,-0.076618784,-0.023808581,-0.07627599,0.012645581
Eulacestomatidae,-9.023131367,-6.448429935,-5.805986256,-6.55668705,-0.076634013,-0.05769337,0.0434499,-0.0013465,0.044078859,-0.075362251,-0.034219548,-0.006314029,-0.077989658,0.065633479,0.002689833,0.062420214,-0.066692844,-0.016196863,-0.070731443,-0.021646503
Oreoicidae,-8.914321644,-6.329618787,-5.75854911,-6.551048513,-0.059964388,-0.056393544,0.075168648,-0.028142189,0.044977066,-0.045762638,-0.048898167,0.017652714,-0.06052694,0.055744055,0.04407615,-0.005265347,-0.075587662,-0.024160447,-0.086340465,0.011200598
Falcunculidae,-9.006241466,-6.361210845,-5.796461152,-6.507732917,-0.063223446,-0.056628565,0.083761007,-0.0146135,0.040265529,-0.065195518,-0.025297793,-0.014519052,-0.066525285,0.069476114,0.067801181,0.007986272,-0.075675243,-0.022134692,-0.080500231,-0.052980064
Pachycephalidae,-8.849290063,-6.294414122,-5.744601892,-6.581946036,-0.060033137,-0.049388624,0.059636545,-0.053967696,0.046537061,-0.046974508,-0.049346657,0.022198716,-0.0631994,0.052949785,0.030000564,-0.034007667,-0.079295571,-0.022331674,-0.073653766,0.05916096
Oriolidae,-8.858654457,-6.287580619,-5.739228177,-6.468822665,-0.060220346,-0.042937982,0.060481453,-0.042540165,0.037952872,-0.051375901,-0.029191404,0.002537222,-0.064336951,0.046173496,0.045378131,-0.004235504,-0.078035632,-0.019238364,-0.076278335,0.016065042
Paramythiidae,-8.802106574,-6.211326253,-5.787835645,-6.321506949,-0.064624675,-0.055825404,0.042933535,-0.008187556,0.038982556,-0.057569561,-0.039005477,-0.004379253,-0.061694523,0.057710836,0.018170993,0.000497089,-0.068000691,-0.021118663,-0.073495836,1.22E-06
Vireonidae,-8.741750247,-6.155311249,-5.774832967,-6.272961946,-0.064968435,-0.059818504,0.043751844,7.02E-05,0.042935107,-0.046558527,-0.044671442,0.011250701,-0.065387391,0.064135348,0.025066106,0.010331535,-0.069425406,-0.024241958,-0.074118476,0.029539319
Cnemophilidae,-8.97971553,-6.359839107,-6.023616863,-6.556442975,-0.075217721,-0.046061645,-0.024221865,0.019422415,0.046748803,-0.075856202,-0.031773447,0.017576943,-0.07043715,0.053716452,-0.022959897,0.027318269,-0.071089532,-0.023723453,-0.068224519,-0.018622634
Melanocharitidae,-8.971575955,-6.303267649,-6.022286312,-6.513936512,-0.07321749,-0.052854605,-0.022028897,0.007858065,0.057576063,-0.07979645,-0.056216377,0.011315212,-0.065904616,0.057251098,-0.022446434,0.007103021,-0.074860434,-0.019345525,-0.072987718,0.021696376
Callaeidae,-8.823436281,-6.237152074,-5.820170305,-6.460896995,-0.05768687,-0.034144059,0.030742041,-0.017802775,0.035206126,-0.049518131,-0.021495197,0.003769509,-0.059084624,0.042975602,0.04661395,-0.071485955,-0.030143481,-0.007488895,-0.024964396,-0.004667205
Notiomystidae,-8.405486589,-5.813923993,-5.849429955,-6.212208923,-0.055825179,-0.034555937,0.010143534,-0.005332054,0.037343177,-0.034932138,-0.052763678,0.011557395,-0.057801068,0.045442332,0.038700238,-0.074849005,-0.078923129,-0.031492115,-0.067460651,0.050462102
Petroicidae,-8.505519678,-5.8786262,-5.92398924,-6.245288701,-0.05394242,-0.035935199,0.002571736,0.000799297,0.04095977,-0.031005137,-0.051114993,0.027472117,-0.05855911,0.044585904,0.008723214,-0.068963649,-0.065936434,-0.020977267,-0.060020936,0.052629551
Eupetidae,-8.531003809,-6.024685251,-5.779689286,-6.150387342,-0.054016099,-0.033260826,0.013544324,0.010621684,0.031757269,-0.046984313,-0.035149317,-0.006822119,-0.052668543,0.04187233,0.033066838,-0.052398882,-0.02617258,-0.009464355,-0.028148124,-0.004152983
Remizidae,-8.26063371,-5.673425163,-5.558342295,-5.878774429,-0.057820416,-0.046317446,0.019937665,0.014488588,0.036800337,-0.039602159,-0.025702066,-0.011909974,-0.060376711,0.061040963,0.030539083,-0.037290572,-0.06076997,-0.017877613,-0.051002634,-0.03817639
Paridae,-8.531177313,-5.823383363,-5.694467066,-6.031803131,-0.062457628,-0.046490161,0.03231038,-0.005703975,0.039473086,-0.050470053,-0.031452065,-0.0017952,-0.060304514,0.057086471,0.047989032,-0.037534339,-0.031056872,-0.01200463,-0.024756093,-0.007940862
Alaudidae,-8.117114064,-5.379065849,-5.722674566,-5.932564807,-0.04738013,-0.043523018,-0.000160627,0.007560101,0.032150288,-0.013947674,-0.064456829,0.037905515,-0.052966472,0.058183411,0.022106418,-0.073635083,-0.053404653,-0.017212068,-0.060325617,0.045740818
Panuridae,-8.498329064,-5.781033854,-5.62717211,-6.056019979,-0.051298926,-0.04102004,0.018156662,-0.002211705,0.027136217,-0.050973735,-0.022488847,-0.007420387,-0.051951565,0.0547937,0.044251318,-0.058135982,-0.059648286,-0.021458966,-0.061508882,-0.028657867
Nicatoridae,-8.49492312,-5.92919214,-5.564961349,-6.107413353,-0.061626339,-0.051938404,-0.009384045,-0.011468639,0.037850774,-0.059408711,-0.031804159,-0.007546514,-0.067893211,0.066274764,0.007102052,-0.055629982,-0.082805208,-0.028991114,-0.092259236,0.001597284
Macrosphenidae,-8.415524317,-5.892203239,-5.505933695,-6.091489923,-0.070671388,-0.066239022,-0.026656129,0.053466882,0.047979435,-0.065031373,-0.059772228,0.012866977,-0.073607809,0.081326669,-0.029414522,0.016849751,-0.082495609,-0.020466901,-0.088508208,0.002372175
Cisticolidae,-8.073976018,-5.423530123,-5.630959265,-5.81148581,-0.063319573,-0.048582535,-0.031506338,0.043547068,0.049840747,-0.032918606,-0.073010788,0.067215926,-0.07936034,0.071343144,-0.007809806,-0.039981503,-0.064514796,-0.021922036,-0.058849108,0.038066621
Acrocephalidae,-8.509378645,-5.855672787,-5.556723733,-6.029790324,-0.069473415,-0.067440476,0.025502872,0.020372267,0.044477447,-0.062280159,-0.044476629,0.006191973,-0.068732733,0.086498969,0.019886045,-0.022870304,-0.030533812,-0.011057682,-0.032058946,-0.001040698
Locustellidae,-8.425419034,-5.72406814,-5.543267669,-5.970716676,-0.064713377,-0.065731641,0.038214525,0.007392335,0.044026077,-0.039822487,-0.048441463,0.027174054,-0.063678946,0.075001407,0.051554801,-0.042017385,-0.071483197,-0.023067044,-0.070460172,0.025133127
Bernieridae,-8.190413317,-5.847373131,-5.168124338,-6.172724777,-0.023264197,-0.012695206,0.016181736,-0.019456395,0.014753537,-0.016356249,-0.021430074,-0.000373746,-0.022871409,0.015438792,0.03374569,-0.096066338,-0.066676969,-0.015842765,-0.062486029,-0.011396288
Donacobiidae,-8.057166728,-5.712074902,-5.124884599,-5.935303373,-0.022225244,-0.01114351,0.016835491,-0.013256018,0.011051103,-0.009313297,-0.018579127,0.001963888,-0.023586127,0.013720023,0.030790663,-0.09576222,-0.063860116,-0.01837044,-0.056989506,0.002484168
Hirundinidae,-8.373377507,-5.703306913,-5.586113467,-5.855761921,-0.071831441,-0.059782295,-0.011179669,0.060062653,0.048113229,-0.05785334,-0.042797685,0.023089685,-0.069992351,0.071190411,-0.011564329,0.022522235,-0.064397673,-0.021318941,-0.0596538,0.011800965
Phylloscopidae,-8.316640345,-5.692159312,-5.44107906,-5.96749,-0.061509609,-0.058030527,0.006089537,0.035483549,0.047494396,-0.04625767,-0.051217055,0.027978569,-0.06383299,0.074223325,0.010813801,-0.022144728,-0.031723645,-0.011791627,-0.027036185,0.01383585
Scotocercidae,-8.357199625,-5.78868135,-5.373344593,-6.00819104,-0.058422226,-0.04552818,0.045892924,-0.009597951,0.035940505,-0.048863607,-0.040050738,0.010039485,-0.05784981,0.055016566,0.055550658,-0.07593178,-0.071681506,-0.021060245,-0.068465304,-0.002689995
Aegithalidae,-8.24155938,-5.570310481,-5.484229669,-5.888171732,-0.057389634,-0.048541757,0.038538084,0.000531342,0.036081777,-0.034808893,-0.053023668,0.033209408,-0.056963752,0.0556164,0.052134591,-0.073178534,-0.030090071,-0.012718867,-0.029318448,-0.006087203
Pycnonotidae,-8.35876382,-5.68288741,-5.529762221,-5.933083224,-0.069908839,-0.062319558,-0.002782335,0.027558233,0.04302454,-0.056355569,-0.051120732,0.001756013,-0.067639966,0.071461767,0.00288053,-0.023112663,-0.069877686,-0.026360306,-0.075238092,0.01966675
Sylviidae,-8.610080137,-5.777528003,-5.582488323,-6.049821233,-0.076833433,-0.082557252,0.029693796,0.019314047,0.050062878,-0.039304014,-0.053987156,0.053223087,-0.072175777,0.084926882,0.034029701,0.006616469,-0.034501247,-0.010640596,-0.029806985,0.008837081
Zosteropidae,-8.300226086,-5.612599887,-5.354933976,-5.894645782,-0.06143172,-0.035774834,0.03190722,0.006833862,0.042336674,-0.04376535,-0.032413036,0.030058258,-0.058673034,0.041386196,0.041665105,-0.058112462,-0.033119654,-0.013249271,-0.025151837,-0.003167458
Pellorneidae,-8.438464388,-5.888785627,-5.106028886,-6.075892407,-0.049892773,-0.04291535,0.058534247,0.011582187,0.029004184,-0.055183605,-0.027602311,-0.004505142,-0.050688974,0.052822375,0.053142177,-0.053126545,-0.070825011,-0.024518125,-0.069990133,-0.055359645
Leiothrichidae,-8.355284425,-5.614706292,-5.388075345,-6.012297083,-0.051350806,-0.052848579,0.041133842,0.011818007,0.033096506,-0.025636745,-0.045784837,0.036760979,-0.055114472,0.060679274,0.056669928,-0.056344106,-0.080026147,-0.03193698,-0.068981311,-0.012819382
Bombycillidae,-8.242851719,-5.701586123,-5.233155472,-5.934717733,-0.057818238,-0.043976124,0.046183547,0.018703367,0.040040178,-0.040518163,-0.036025217,0.018809426,-0.057908472,0.054642983,0.029104557,-0.033357125,-0.068594103,-0.021548467,-0.062013042,-0.003150867
Ptiliogonatidae,-8.418786109,-5.911397695,-5.166363205,-6.1515592,-0.056150958,-0.047365458,0.054361628,0.011813741,0.029402515,-0.053202315,-0.029989534,-0.003383186,-0.0587326,0.059666082,0.050935086,-0.034420861,-0.069431413,-0.024035838,-0.054797998,-0.091470293
Regulidae,-8.321913067,-5.592343859,-5.82841882,-5.759914384,-0.063702339,-0.031771103,-0.009733521,0.015112898,0.038571541,-0.044969663,-0.037555567,0.031904019,-0.062045049,0.041657209,0.02295536,-0.053111629,-0.06535346,-0.022221081,-0.059382905,-0.025048115
Sittidae,-8.313446254,-5.676588764,-5.62545554,-5.890399884,-0.066157579,-0.049420317,0.005188824,0.033451764,0.045394153,-0.040948624,-0.057147107,0.034370278,-0.067589107,0.058020816,0.021320721,-0.035337988,-0.068883295,-0.023320787,-0.069842712,0.009648224
Polioptilidae,-8.507555913,-5.801701995,-5.296744161,-5.99473168,-0.059733351,-0.058343645,0.062619455,0.005215288,0.032686484,-0.048629741,-0.031822695,0.001545359,-0.056976384,0.065000512,0.055584043,-0.010915597,-0.074219478,-0.023164106,-0.07124758,-0.055071959
Troglodytidae,-8.279110174,-5.585123854,-5.337218862,-5.847200212,-0.060155418,-0.05727367,0.053363215,0.018970586,0.037998653,-0.043930655,-0.051897605,0.022490357,-0.065922294,0.074070736,0.044063035,-0.010437437,-0.077030741,-0.029231498,-0.071778242,-0.058488512
Certhiidae,-8.499883047,-5.769882252,-5.647352363,-5.930493282,-0.071308811,-0.062590737,0.024077549,0.034227295,0.045392265,-0.065305856,-0.024899545,0.000231451,-0.069978795,0.073793236,0.028998738,0.012410495,-0.07198968,-0.029419869,-0.060581061,-0.046044878
Timaliidae,-8.009873881,-5.479765367,-5.610188311,-5.603146586,-0.060774161,-0.035989691,-0.038650579,0.082118803,0.051616114,-0.035193462,-0.035411002,0.0245315,-0.068301393,0.057061692,-0.032390881,0.016959408,-0.057343273,-0.018742613,-0.043440469,-0.010973042
Buphagidae,-8.351191675,-6.02946364,-4.843060807,-6.209563663,-0.034948022,-0.029884534,0.043056917,-0.020132998,0.020824356,-0.032965472,-0.02628161,-0.005967072,-0.033912505,0.03273659,0.018445096,-0.092084699,-0.071049589,-0.015905077,-0.074799916,0.004503773
Mimidae,-8.342709019,-5.74002716,-5.11662148,-5.974003927,-0.063208565,-0.060045276,0.072526842,-0.00740596,0.045794336,-0.048379815,-0.036076065,0.002251406,-0.068839155,0.073553015,0.042923674,0.028683767,-0.073905124,-0.023753533,-0.069361622,-0.021814667
Sturnidae,-8.412076834,-5.733500843,-5.184054901,-5.987557688,-0.063369976,-0.062181229,0.077424243,-0.012314643,0.042776932,-0.052169429,-0.039566868,-0.000563401,-0.070449615,0.082879996,0.040592605,0.02917266,-0.036255575,-0.014887648,-0.027575566,-0.017855765
Cinclidae,-8.303260122,-5.669151203,-5.463102719,-5.786984737,-0.05996187,-0.029882318,0.033240238,0.001691557,0.037467155,-0.063794963,-0.013191438,-0.021685178,-0.062001542,0.045784106,0.04994702,-0.062396767,-0.060423175,-0.022335427,-0.045644103,-0.051057136
Turdidae,-8.304634923,-5.671348061,-5.397950542,-5.865839828,-0.061119282,-0.061715236,0.027008147,0.019750827,0.041119486,-0.049017544,-0.039502478,0.008493414,-0.058883253,0.073885041,0.015929675,-0.006415496,-0.075749944,-0.028854952,-0.066960262,-0.026861163
Muscicapidae,-8.248295159,-5.686401115,-5.332531963,-5.914648388,-0.058744018,-0.062043575,0.025017096,0.029381539,0.040261759,-0.040871564,-0.048800355,0.005818659,-0.062312481,0.074659603,0.024764066,-0.019387119,-0.028646863,-0.013242126,-0.024766136,-0.013794354
Promeropidae,-8.736481259,-6.124111271,-5.637049894,-6.314551981,-0.074199749,-0.067033278,-0.003757031,0.03091379,0.049620532,-0.094459996,-0.050543704,0.004268194,-0.068208327,0.075273358,0.007565039,0.00203029,-0.071438801,-0.025465609,-0.06338032,-0.014964145
Dicaeidae,-8.246442597,-5.8283737,-5.31648126,-6.14934513,-0.056050902,-0.047567193,0.008023777,0.019631368,0.049607524,-0.032556724,-0.048172897,0.010711662,-0.058928526,0.058744872,-0.006330356,-0.002651857,-0.062680932,-0.015285799,-0.047175552,0.016160852
Nectariniidae,-8.601917878,-6.113539912,-5.340169544,-6.364755486,-0.059522693,-0.052311875,0.026045183,0.016347182,0.03623482,-0.050925098,-0.028947183,0.00028394,-0.059884943,0.059713246,0.012021986,0.008053718,-0.029137149,-0.006895328,-0.023905946,-0.019422171
Irenidae,-8.473898809,-5.879205435,-5.577100756,-6.087471376,-0.071228604,-0.064424302,-0.013156215,0.039115579,0.043549693,-0.056302652,-0.044699795,-6.63E-05,-0.065222489,0.071814481,-0.007786949,0.01057687,-0.066377215,-0.022540617,-0.063858686,0.010468936
Peucedramidae,-8.60360758,-5.958726697,-5.557191017,-6.174825197,-0.066940792,-0.055831635,0.009156584,-0.001190411,0.042724403,-0.069674107,-0.039137035,-0.00395955,-0.066070901,0.069848125,0.020631039,-0.049662281,-0.07677242,-0.024362893,-0.068261063,-0.049015416
Urocynchramidae,-8.564696476,-5.910218481,-5.515795489,-6.169458071,-0.074054183,-0.069154763,0.019030408,0.019910176,0.046365671,-0.063149035,-0.060264191,0.007288208,-0.067819501,0.075388204,0.020695541,-0.002118086,-0.032264181,-0.010837734,-0.028124602,-0.015115221
Ploceidae,-8.690525777,-6.131903166,-5.312686889,-6.390129963,-0.067315717,-0.064814911,0.044986856,0.001419917,0.04233407,-0.060265176,-0.035123283,-0.0022943,-0.062714196,0.071077007,0.035764998,-0.009605156,-0.030909039,-0.008453936,-0.026493333,-0.015753419
Viduidae,-8.47039913,-5.978527123,-5.07741468,-6.181660283,-0.061286436,-0.063260686,0.059276508,0.041722448,0.036778432,-0.062876705,-0.027206239,-0.004461055,-0.064789065,0.080878922,0.033491246,0.03567648,-0.027421599,-0.007546417,-0.022609007,-0.028250986
Estrildidae,-8.076824597,-5.607402741,-5.064744365,-5.782674291,-0.060413558,-0.054671054,0.025179547,0.0582708,0.045428888,-0.035905932,-0.042000979,0.001150997,-0.064705436,0.069085693,0.007216979,0.028442296,-0.028305789,-0.0097213,-0.023932663,-0.010491937
Prunellidae,-8.630348767,-5.885768532,-5.592095806,-6.213587349,-0.073746366,-0.08163522,-0.007307027,0.050156094,0.053520185,-0.074951085,-0.062265209,0.016271558,-0.0710583,0.089656147,0.000671869,0.023190151,-0.03394027,-0.013220812,-0.026247548,-0.009894135
Passeridae,-8.482957445,-5.731224599,-5.521736619,-5.973095412,-0.074274342,-0.071200643,0.005215535,0.057101889,0.04806293,-0.058915729,-0.043278364,0.016231896,-0.077335367,0.091162016,0.012444732,0.023800069,-0.033199119,-0.013654825,-0.025477389,-0.022538074
Motacillidae,-8.645069107,-5.845298489,-5.491212032,-6.032462591,-0.071107513,-0.053813321,0.04014705,0.017180457,0.041523329,-0.057852035,-0.033694721,0.024296768,-0.066711627,0.062076206,0.050985679,-0.026150648,-0.077455202,-0.024000598,-0.064897704,-0.027207638
Fringillidae,-8.500900462,-5.761196064,-5.378258404,-5.873784025,-0.078600938,-0.070974717,0.035661934,0.066035525,0.055155204,-0.087007651,-0.04283419,-0.009172133,-0.070588936,0.072651877,0.015789504,0.054903567,-0.033446516,-0.014120353,-0.036733324,-0.018055264
Rhodinocichlidae,-8.742339619,-5.994789387,-5.246473578,-6.178650899,-0.074846953,-0.074849792,0.076258437,0.054938896,0.045418675,-0.088720152,-0.031539834,-0.009572275,-0.070655204,0.082075037,0.049582903,0.054157909,-0.079850398,-0.024005852,-0.073601066,-0.089938258
Plectrophenacidae,-8.677604211,-5.816309108,-5.340618649,-5.975631897,-0.073272112,-0.077361786,0.069816982,0.042679364,0.045115954,-0.061932612,-0.050825515,0.00945594,-0.064164186,0.072062761,0.046432173,0.017859715,-0.083468091,-0.026715351,-0.069919786,-0.035235976
Cardinalidae,-8.311183248,-5.739253564,-4.917106088,-5.912262071,-0.050575877,-0.050265358,0.091680908,-0.022980766,0.038782443,-0.05017092,-0.046915775,0.011767654,-0.056992046,0.066755214,0.069872939,-0.027534976,-0.033435014,-0.005907513,-0.02714805,-0.003892069
Thraupidae,-8.239556112,-5.815442913,-4.734784447,-5.945670593,-0.047358554,-0.041445943,0.099944789,-0.023208241,0.036435011,-0.052904579,-0.021687152,-0.012434494,-0.056683585,0.058974904,0.075713442,-0.02759195,-0.030931148,-0.008687035,-0.026165226,-0.001567671
Passerellidae,-8.163736131,-5.796189872,-4.555961773,-5.932327764,-0.018952759,-0.010752713,0.035539908,-0.011548958,0.013700031,-0.012142228,-0.016262551,-0.004582641,-0.022519397,0.017111947,0.046582408,-0.068390545,-0.075314488,-0.024064552,-0.08379092,-0.059099423
Emberizidae,-8.044693662,-5.609672174,-4.624401456,-5.86505393,-0.021350523,-0.011331004,0.03400342,-0.014865171,0.012950748,-0.00935991,-0.026407639,0.000760617,-0.025531462,0.013348901,0.033244834,-0.096878296,-0.03172819,-0.00726627,-0.026656815,-0.003060206
Parulidae,-8.154791821,-5.53776573,-4.926251991,-5.7752025,-0.057026701,-0.065349466,0.073632652,-0.004454113,0.044762924,-0.03854399,-0.039850123,0.018186038,-0.066742609,0.084538014,0.054776808,-0.016279701,-0.031256955,-0.00875341,-0.031538589,-0.00831866
Icteridae,-8.451651091,-5.860326752,-4.89101364,-6.059866059,-0.055768165,-0.065359756,0.09803436,-0.024540245,0.046373256,-0.056960439,-0.029635876,0.008204182,-0.061221826,0.083722129,0.064426663,0.009952522,-0.03292016,-0.011242475,-0.027744666,0.014159641